SvarID,Datum,Kundtyp,Åldersgrupp,Region,Kontaktkanal,Kontaktorsak,Avdelning,VäntetidMinuter,LösningstidTimmar,LöstVidFörstaKontakt,InformationLättAttHitta,BetygEpostsvarshastighet,BetygWebbnavigering,BetygPersonalensHjälpsamhet,Helhetsnöjdhet,Rekommendationsvilja,KöpEllerTjänstevärdeEUR,UppföljningBehövs,Kundkommentar
R0001,2026-03-02,Ny kund,65+,Annan del av regionen,Webbformulär,Klagomål eller uppföljning,Fakturering och betalning,16,1.3,Ja,Nej,,4,5,8,7,37.41,Nej,Jag behövde en uppföljande kontakt om fakturan innan allt blev tydligt.
R0002,2026-02-20,Ny kund,35–44,Lokalt område,Chatt,Leverans- eller orderstatus,Order och leverans,29,6.3,Nej,Nej,,1,4,6,6,119.97,Nej,"Personalen var hjälpsam, men jag borde ha kunnat hitta leveransstatusen på webbplatsen."
R0003,2026-02-22,Ny kund,35–44,Lokalt område,Webbformulär,Teknisk support,Teknisk support,43,4.3,Nej,Ja,,4,3,5,2,31.06,Nej,"Jag blev ombedd att läsa instruktionerna, men de gav inget svar på min fråga."
R0004,2026-05-11,Ny kund,25–34,Annan del av regionen,Telefon,Leverans- eller orderstatus,Order och leverans,18,2.9,Ja,Nej,,2,3,7,6,58.87,Nej,När jag väl fick kontakt med någon var svaret tydligt. Den här informationen borde finnas på webbplatsen utan att man behöver kontakta företaget.
R0005,2026-03-15,Återkommande kund,25–34,Lokalt område,E-post,Produkt- eller tjänsteinformation,Kundinformation,4,0.6,Ja,Ja,4,4,4,9,9,32.66,Nej,Jag hittade det mesta av informationen själv och kundservicen bekräftade den sista detaljen.
R0006,2026-03-13,Ny kund,45–54,Annanstans i Finland,Telefon,Köp eller bokning,Kundinformation,97,0.4,Ja,Ja,,3,5,8,10,67.33,Nej,Mycket hjälpsam kundinformation. Min fråga löstes vid den första kontakten.
R0007,2026-01-27,Ny kund,35–44,Annanstans i Finland,Telefon,Installation eller konfigurering,Teknisk support,1,3.6,Nej,Nej,,3,3,3,3,35.98,Ja,Teknikern gav mig ett svar på en enda rad och avslutade samtalet innan jag hade förstått hur problemet skulle lösas.
R0008,2026-05-13,Ny kund,55–64,Lokalt område,E-post,Retur eller avbokning,Order och leverans,26,0.9,Ja,Nej,4,2,3,7,5,160.63,Nej,Leveransinformationen på webbplatsen var otydlig. Kundservicen svarade genast när jag frågade.
R0009,2026-06-25,Återkommande kund,55–64,Annan del av regionen,Telefon,Klagomål eller uppföljning,Fakturering och betalning,10,3,Ja,Ja,,5,3,8,7,53.16,Nej,Min fråga om fakturan besvarades tydligt och jag förstod avgiften.
R0010,2026-03-22,Återkommande kund,55–64,Lokalt område,E-post,Retur eller avbokning,Fakturering och betalning,11,2.4,Ja,Ja,4,3,3,10,9,146.48,Nej,Min fråga om fakturan besvarades tydligt och jag förstod avgiften.
R0011,2026-06-05,Återkommande kund,65+,Lokalt område,Chatt,Fakturering eller betalning,Fakturering och betalning,16,3.1,Ja,Ja,,4,4,8,7,59.29,Nej,Jag behövde en uppföljande kontakt om fakturan innan allt blev tydligt.
R0012,2026-05-14,Ny kund,45–54,Lokalt område,E-post,Köp eller bokning,Kundinformation,16,0.4,Ja,Nej,3,5,5,9,8,76.2,Nej,"Jag känner mig inte särskilt bekväm med digitala tjänster, men den äldre damen fick processen att kännas enkel."
R0013,2026-03-29,Företagskund,45–54,Lokalt område,På plats,Klagomål eller uppföljning,Teknisk support,36,13.5,Nej,Ja,,5,3,5,3,1000.85,Ja,"Jag blev ombedd att läsa instruktionerna, men de gav inget svar på min fråga."
R0014,2026-02-06,Ny kund,45–54,Lokalt område,Webbformulär,Leverans- eller orderstatus,Order och leverans,17,2.5,Ja,Nej,,2,5,8,8,122.98,Nej,Det var inget fel på personalen. Problemet var att webbplatsen inte gav mig den information jag behövde.
R0015,2026-01-12,Återkommande kund,35–44,Annanstans i Finland,Webbformulär,Klagomål eller uppföljning,Teknisk support,13,17,Nej,Nej,,3,3,4,3,82.02,Ja,Svaret lät otåligt och jag var tvungen att kontakta företaget igen innan problemet blev löst.
R0016,2026-06-28,Ny kund,45–54,Annan del av regionen,Chatt,Installation eller konfigurering,Teknisk support,48,10.1,Nej,Ja,,4,4,3,3,70.15,Ja,Det kändes som om jag störde teknikern när jag ställde en följdfråga.
R0017,2026-03-16,Företagskund,25–34,Lokalt område,Telefon,Leverans- eller orderstatus,Order och leverans,3,0.5,Ja,Ja,,2,4,8,8,136.94,Nej,Jag behövde hjälp med en retur och personalen förklarade tydligt vad nästa steg var.
R0018,2026-06-09,Återkommande kund,18–24,Annanstans i Finland,Chatt,Produkt- eller tjänsteinformation,Kundinformation,4,1.8,Ja,Ja,,4,5,10,9,173.41,Nej,Jag fick exakt den information jag behövde och behövde inte kontakta företaget igen.
R0019,2026-03-07,Återkommande kund,35–44,Annan del av regionen,Telefon,Teknisk support,Teknisk support,33,16.5,Nej,Ja,,4,3,5,5,22.25,Ja,Teknikern gav mig ett svar på en enda rad och avslutade samtalet innan jag hade förstått hur problemet skulle lösas.
R0020,2026-01-31,Ny kund,25–34,Lokalt område,Telefon,Produkt- eller tjänsteinformation,Kundinformation,10,5.2,Nej,Ja,,5,5,9,10,58.68,Nej,"Kvinnan som hjälpte mig tog extra tid för att förklara alternativen, och det uppskattade jag verkligen."
R0021,2026-06-24,Ny kund,25–34,Lokalt område,På plats,Produkt- eller tjänsteinformation,Kundinformation,23,0.6,Ja,Nej,,3,5,10,8,46.38,Nej,
R0022,2026-02-17,Återkommande kund,25–34,Lokalt område,Telefon,Leverans- eller orderstatus,Order och leverans,17,2.5,Ja,Nej,,2,4,9,7,88.66,Nej,"Jag sökte efter spårningsinformation på webbplatsen men hittade den inte, så jag var tvungen att använda webbformuläret."
R0023,2026-05-23,Ny kund,35–44,Lokalt område,E-post,Köp eller bokning,Kundinformation,19,1.1,Ja,Ja,4,4,5,10,10,175.85,Nej,Utmärkt service av den äldre damen. Hon lyssnade noggrant och löste allt under ett enda samtal.
R0024,2026-03-03,Ny kund,35–44,Annan del av regionen,Telefon,Fakturering eller betalning,Fakturering och betalning,10,3.9,Ja,Nej,,3,4,8,7,90.15,Nej,Faktureringsinformationen var ganska lätt att hitta och den sista frågan besvarades via e-post.
R0025,2026-06-23,Återkommande kund,18–24,Lokalt område,Webbformulär,Fakturering eller betalning,Fakturering och betalning,17,2.4,Ja,Nej,,3,5,7,7,72.22,Nej,Faktureringsinformationen var ganska lätt att hitta och den sista frågan besvarades via e-post.
R0026,2026-05-23,Ny kund,55–64,Annan del av regionen,E-post,Teknisk support,Teknisk support,24,10.3,Nej,Nej,3,3,3,4,4,184.38,Ja,Det kändes som om jag störde teknikern när jag ställde en följdfråga.
R0027,2026-02-21,Ny kund,25–34,Lokalt område,E-post,Produkt- eller tjänsteinformation,Kundinformation,12,0.9,Ja,Ja,4,4,5,10,8,257.75,Nej,Personalen lyssnade noggrant och gav mig ett tydligt svar.
R0028,2026-03-07,Återkommande kund,55–64,Lokalt område,Webbformulär,Klagomål eller uppföljning,Order och leverans,6,1.8,Ja,Nej,,2,4,8,7,42.24,Ja,
R0029,2026-02-26,Återkommande kund,18–24,Lokalt område,Telefon,Installation eller konfigurering,Teknisk support,25,4.5,Ja,Nej,,3,2,6,6,312.75,Nej,Svaret lät otåligt och jag var tvungen att kontakta företaget igen innan problemet blev löst.
R0030,2026-02-22,Ny kund,55–64,Annan del av regionen,Telefon,Produkt- eller tjänsteinformation,Kundinformation,18,2.5,Ja,Ja,,4,4,8,8,29.42,Nej,"Jag känner mig inte särskilt bekväm med digitala tjänster, men den äldre damen fick processen att kännas enkel."
R0031,2026-06-08,Återkommande kund,25–34,Annan del av regionen,På plats,Köp eller bokning,Fakturering och betalning,32,8.2,Nej,Ja,,3,4,6,7,56,Ja,"Personalen var vänlig, även om fakturans utformning kunde vara tydligare."
R0032,2026-03-21,Återkommande kund,55–64,Annan del av regionen,Chatt,Klagomål eller uppföljning,Order och leverans,2,1.6,Ja,Nej,,2,5,8,7,378.63,Nej,"Sidorna om returer och leveranser var svåra att navigera, så jag kontaktade kundservicen i stället."
R0033,2026-04-20,Företagskund,25–34,Annanstans i Finland,På plats,Produkt- eller tjänsteinformation,Kundinformation,16,8.8,Nej,Ja,,5,5,10,10,100.66,Nej,"Jag var osäker på webbformuläret, men den äldre damen guidade mig genom det steg för steg."
R0034,2026-01-29,Ny kund,55–64,Annanstans i Finland,Chatt,Installation eller konfigurering,Teknisk support,73,2.3,Ja,Ja,,4,3,7,8,78.71,Nej,"Det tekniska problemet var verkligt, men svaret kändes avfärdande snarare än hjälpsamt."
R0035,2026-02-25,Företagskund,45–54,Lokalt område,Chatt,Produkt- eller tjänsteinformation,Kundinformation,12,5.4,Nej,Nej,,5,3,8,8,300.81,Ja,Den äldre damen var antagligen den mest hjälpsamma person jag har talat med på företaget.
R0036,2026-05-26,Ny kund,65+,Annanstans i Finland,Telefon,Teknisk support,Teknisk support,32,6.6,Nej,Ja,,5,2,4,3,232.57,Nej,Teknikerns svar var väldigt kort och jag visste fortfarande inte vad jag skulle göra.
R0037,2026-05-02,Företagskund,25–34,Lokalt område,Chatt,Produkt- eller tjänsteinformation,Kundinformation,4,0.9,Ja,Ja,,4,4,9,10,111.83,Nej,Personalen lyssnade noggrant och gav mig ett tydligt svar.
R0038,2026-02-15,Återkommande kund,25–34,Lokalt område,På plats,Köp eller bokning,Kundinformation,17,0.6,Ja,Nej,,4,4,9,7,239.73,Nej,Den äldre damen var antagligen den mest hjälpsamma person jag har talat med på företaget.
R0039,2026-02-15,Ny kund,45–54,Lokalt område,Chatt,Klagomål eller uppföljning,Kundinformation,1,1.7,Ja,Ja,,4,4,9,8,89.83,Nej,Den äldre kvinnan vid kundinformationen stressade mig inte och försäkrade sig om att jag visste vad jag skulle göra härnäst.
R0040,2026-06-06,Ny kund,18–24,Lokalt område,Webbformulär,Köp eller bokning,Order och leverans,15,2.4,Ja,Nej,,2,4,7,7,55.26,Ja,Min fråga om beställningen löstes snabbt och personalen var hjälpsam.
R0041,2026-03-26,Ny kund,25–34,Annan del av regionen,E-post,Fakturering eller betalning,Fakturering och betalning,4,1.6,Ja,Nej,3,4,5,10,6,34.63,Nej,Jag behövde en uppföljande kontakt om fakturan innan allt blev tydligt.
R0042,2026-03-12,Återkommande kund,65+,Annan del av regionen,Webbformulär,Köp eller bokning,Order och leverans,35,1.3,Ja,Nej,,2,5,8,7,25.33,Nej,Jag gick runt i cirklar på webbplatsen när jag letade efter leveransinformation. Personen i kundservicen var däremot bra.
R0043,2026-06-14,Företagskund,25–34,Lokalt område,Telefon,Retur eller avbokning,Kundinformation,9,0.8,Ja,Ja,,4,5,10,10,211.22,Nej,"Den äldre damen vid disken var varm, tålmodig och mycket tydlig. När jag gick därifrån visste jag exakt vad jag skulle göra."
R0044,2026-03-21,Ny kund,25–34,Lokalt område,E-post,Klagomål eller uppföljning,Fakturering och betalning,16,2.2,Ja,Ja,5,5,4,7,6,11.69,Nej,Jag behövde en uppföljande kontakt om fakturan innan allt blev tydligt.
R0045,2026-01-31,Ny kund,45–54,Lokalt område,Telefon,Leverans- eller orderstatus,Order och leverans,13,9.1,Nej,Nej,,1,4,4,5,117.22,Nej,Jag gick runt i cirklar på webbplatsen när jag letade efter leveransinformation. Personen i kundservicen var däremot bra.
R0046,2026-01-17,Ny kund,18–24,Annan del av regionen,E-post,Teknisk support,Teknisk support,41,11.8,Nej,Ja,4,4,2,6,5,224.61,Ja,"De tekniska instruktionerna var begripliga, även om det tog en stund att lösa problemet."
R0047,2026-05-16,Återkommande kund,45–54,Annanstans i Finland,Chatt,Fakturering eller betalning,Fakturering och betalning,1,1.3,Ja,Ja,,3,4,9,9,115.05,Nej,Jag behövde en uppföljande kontakt om fakturan innan allt blev tydligt.
R0048,2026-01-07,Återkommande kund,55–64,Lokalt område,Chatt,Teknisk support,Teknisk support,1,11.1,Nej,Nej,,4,3,2,4,205.45,Nej,
R0049,2026-06-06,Återkommande kund,45–54,Lokalt område,Chatt,Teknisk support,Teknisk support,32,12.3,Nej,Ja,,4,2,5,6,258.57,Ja,"Jag fick snabbt ett svar, men det löste egentligen inte problemet."
R0050,2026-06-02,Återkommande kund,25–34,Lokalt område,E-post,Teknisk support,Teknisk support,23,1.7,Ja,Nej,3,3,3,5,3,89.19,Nej,"De tekniska instruktionerna var begripliga, även om det tog en stund att lösa problemet."
R0051,2026-03-11,Återkommande kund,55–64,Annan del av regionen,Chatt,Leverans- eller orderstatus,Order och leverans,37,1,Ja,Nej,,3,3,9,8,23.31,Nej,Jag hade en enkel fråga om min beställning som egentligen borde ha besvarats på webbplatsen.
R0052,2026-05-07,Företagskund,55–64,Annan del av regionen,E-post,Fakturering eller betalning,Fakturering och betalning,22,0.9,Ja,Nej,4,3,4,6,5,138.98,Nej,Min fråga om fakturan besvarades tydligt och jag förstod avgiften.
R0053,2026-06-28,Ny kund,35–44,Lokalt område,Telefon,Fakturering eller betalning,Fakturering och betalning,23,3,Ja,Nej,,4,5,10,8,57.7,Nej,Min fråga om fakturan besvarades tydligt och jag förstod avgiften.
R0054,2026-02-26,Företagskund,35–44,Annan del av regionen,Telefon,Klagomål eller uppföljning,Teknisk support,24,13.7,Nej,Nej,,5,2,5,5,101.53,Ja,Jag var tvungen att förklara samma tekniska problem två gånger innan jag fick ett användbart svar.
R0055,2026-06-11,Företagskund,45–54,Lokalt område,Telefon,Teknisk support,Teknisk support,1,2,Ja,Ja,,4,2,5,6,142.39,Nej,
R0056,2026-03-05,Företagskund,35–44,Lokalt område,E-post,Fakturering eller betalning,Fakturering och betalning,5,3.6,Ja,Ja,3,4,4,9,9,354.16,Nej,"Jag behövde fråga om en extra avgift, men förklaringen var rimlig."
R0057,2026-03-22,Företagskund,55–64,Lokalt område,Telefon,Fakturering eller betalning,Fakturering och betalning,14,4.6,Ja,Nej,,4,4,7,7,109.31,Nej,Faktureringsinformationen var ganska lätt att hitta och den sista frågan besvarades via e-post.
R0058,2026-02-21,Ny kund,25–34,Lokalt område,Telefon,Teknisk support,Teknisk support,4,9.4,Nej,Ja,,4,3,4,5,26.2,Ja,Ärendet var mer komplicerat än väntat och krävde flera steg innan det blev löst.
R0059,2026-06-02,Återkommande kund,25–34,Annan del av regionen,Webbformulär,Leverans- eller orderstatus,Order och leverans,33,2.2,Ja,Nej,,2,4,6,7,19.5,Nej,
R0060,2026-03-02,Återkommande kund,25–34,Lokalt område,E-post,Fakturering eller betalning,Fakturering och betalning,21,4.3,Ja,Ja,3,4,4,8,8,16.75,Nej,Jag behövde en uppföljande kontakt om fakturan innan allt blev tydligt.
R0061,2026-04-04,Ny kund,45–54,Lokalt område,E-post,Fakturering eller betalning,Fakturering och betalning,29,1.2,Ja,Ja,4,4,3,7,7,23.47,Nej,Jag behövde en uppföljande kontakt om fakturan innan allt blev tydligt.
R0062,2026-05-16,Ny kund,35–44,Annan del av regionen,Chatt,Installation eller konfigurering,Teknisk support,25,2.6,Ja,Ja,,4,3,5,6,147.02,Nej,"De tekniska instruktionerna var begripliga, även om det tog en stund att lösa problemet."
R0063,2026-06-26,Företagskund,35–44,Lokalt område,Webbformulär,Leverans- eller orderstatus,Order och leverans,14,1.5,Ja,Ja,,1,4,9,9,108,Nej,"Beställningen kom som utlovat, men jag skulle vilja få tydligare uppdateringar under leveransen."
R0064,2026-06-01,Företagskund,55–64,Lokalt område,E-post,Köp eller bokning,Fakturering och betalning,35,1.6,Ja,Ja,3,4,5,9,6,179.06,Nej,"Personalen var vänlig, även om fakturans utformning kunde vara tydligare."
R0065,2026-03-19,Återkommande kund,45–54,Annan del av regionen,Webbformulär,Teknisk support,Teknisk support,44,11.4,Nej,Nej,,4,2,4,6,44.42,Ja,Teknikerns svar var väldigt kort och jag visste fortfarande inte vad jag skulle göra.
R0066,2026-06-26,Ny kund,35–44,Lokalt område,Webbformulär,Klagomål eller uppföljning,Order och leverans,8,1.7,Ja,Nej,,2,5,9,7,54.03,Nej,"Beställningen kom som utlovat, men jag skulle vilja få tydligare uppdateringar under leveransen."
R0067,2026-03-25,Återkommande kund,55–64,Lokalt område,Webbformulär,Köp eller bokning,Kundinformation,5,0.7,Ja,Ja,,4,4,10,9,32.86,Nej,Personalen lyssnade noggrant och gav mig ett tydligt svar.
R0068,2026-02-26,Ny kund,18–24,Lokalt område,På plats,Köp eller bokning,Kundinformation,9,1,Ja,Ja,,5,5,10,8,156.2,Nej,"Jag känner mig inte särskilt bekväm med digitala tjänster, men den äldre damen fick processen att kännas enkel."
R0069,2026-06-03,Ny kund,45–54,Lokalt område,Chatt,Teknisk support,Teknisk support,31,22.2,Nej,Ja,,5,3,3,3,170.28,Ja,
R0070,2026-01-14,Ny kund,65+,Annanstans i Finland,Chatt,Teknisk support,Teknisk support,30,9.5,Nej,Nej,,4,3,4,5,106.72,Ja,Problemet verkar vara löst nu. Jag skulle ha uppskattat en lite tydligare förklaring.
R0071,2026-01-21,Återkommande kund,35–44,Lokalt område,Chatt,Leverans- eller orderstatus,Order och leverans,30,1.6,Ja,Nej,,2,5,8,6,74.98,Nej,
R0072,2026-05-12,Återkommande kund,25–34,Lokalt område,E-post,Leverans- eller orderstatus,Order och leverans,21,4.6,Ja,Nej,4,2,3,7,6,127.1,Nej,
R0073,2026-03-22,Ny kund,25–34,Annanstans i Finland,Telefon,Produkt- eller tjänsteinformation,Kundinformation,13,0.7,Ja,Ja,,3,4,9,7,586.45,Nej,Den äldre kvinnan vid kundinformationen stressade mig inte och försäkrade sig om att jag visste vad jag skulle göra härnäst.
R0074,2026-05-22,Ny kund,45–54,Lokalt område,E-post,Klagomål eller uppföljning,Teknisk support,14,3.2,Ja,Ja,3,5,2,7,7,49.03,Nej,"Jag fick snabbt ett svar, men det löste egentligen inte problemet."
R0075,2026-03-11,Företagskund,45–54,Annan del av regionen,På plats,Köp eller bokning,Kundinformation,11,6.2,Nej,Ja,,4,4,7,9,98.98,Ja,Min fråga blev besvarad. Processen fungerade bra överlag.
R0076,2026-04-30,Ny kund,35–44,Lokalt område,Telefon,Produkt- eller tjänsteinformation,Kundinformation,1,1.8,Ja,Ja,,5,5,10,10,166.1,Nej,Vänlig service och en tydlig förklaring av vad jag behövde göra härnäst.
R0077,2026-03-01,Ny kund,35–44,Annan del av regionen,På plats,Klagomål eller uppföljning,Kundinformation,3,1.9,Ja,Nej,,4,5,8,9,193.67,Nej,"Den äldre damen vid disken var varm, tålmodig och mycket tydlig. När jag gick därifrån visste jag exakt vad jag skulle göra."
R0078,2026-01-08,Företagskund,18–24,Lokalt område,E-post,Leverans- eller orderstatus,Order och leverans,20,1.8,Ja,Nej,3,2,5,7,8,32.46,Nej,När jag väl fick kontakt med någon var svaret tydligt. Den här informationen borde finnas på webbplatsen utan att man behöver kontakta företaget.
R0079,2026-06-03,Återkommande kund,25–34,Annanstans i Finland,På plats,Klagomål eller uppföljning,Fakturering och betalning,33,4.6,Nej,Ja,,5,5,7,9,315.65,Nej,
R0080,2026-02-11,Återkommande kund,18–24,Lokalt område,På plats,Köp eller bokning,Kundinformation,1,0.8,Ja,Ja,,4,4,10,10,202.37,Nej,Vänlig service och en tydlig förklaring av vad jag behövde göra härnäst.
R0081,2026-01-17,Återkommande kund,65+,Annan del av regionen,Chatt,Klagomål eller uppföljning,Teknisk support,23,1.5,Ja,Nej,,4,2,5,6,121.51,Nej,Teknikerns svar var väldigt kort och jag visste fortfarande inte vad jag skulle göra.
R0082,2026-04-09,Återkommande kund,45–54,Lokalt område,Chatt,Leverans- eller orderstatus,Order och leverans,12,1.9,Ja,Nej,,2,3,7,7,26.72,Nej,När jag väl fick kontakt med någon var svaret tydligt. Den här informationen borde finnas på webbplatsen utan att man behöver kontakta företaget.
R0083,2026-02-25,Återkommande kund,35–44,Annanstans i Finland,Webbformulär,Produkt- eller tjänsteinformation,Kundinformation,11,0.6,Ja,Ja,,4,4,9,8,200.44,Nej,Utmärkt service av den äldre damen. Hon lyssnade noggrant och löste allt under ett enda samtal.
R0084,2026-02-27,Återkommande kund,18–24,Annan del av regionen,Webbformulär,Leverans- eller orderstatus,Order och leverans,14,1.4,Ja,Nej,,2,4,7,7,80.93,Nej,
R0085,2026-02-03,Återkommande kund,65+,Annan del av regionen,Telefon,Klagomål eller uppföljning,Kundinformation,5,1.6,Ja,Ja,,5,5,10,8,27.23,Nej,Vänlig service och en tydlig förklaring av vad jag behövde göra härnäst.
R0086,2026-04-22,Återkommande kund,25–34,Annanstans i Finland,Webbformulär,Köp eller bokning,Fakturering och betalning,10,1.7,Ja,Nej,,5,4,8,8,131.21,Nej,Min fråga om fakturan besvarades tydligt och jag förstod avgiften.
R0087,2026-02-20,Ny kund,45–54,Annanstans i Finland,Webbformulär,Leverans- eller orderstatus,Order och leverans,7,2.6,Ja,Nej,,1,5,9,9,62.42,Nej,Jag kontaktade företaget endast eftersom jag inte kunde se på webben när min beställning skulle komma.
R0088,2026-02-05,Ny kund,45–54,Annan del av regionen,Telefon,Retur eller avbokning,Kundinformation,9,0.8,Ja,Ja,,5,4,10,8,60.8,Nej,"Kvinnan som hjälpte mig tog extra tid för att förklara alternativen, och det uppskattade jag verkligen."
R0089,2026-02-03,Återkommande kund,45–54,Lokalt område,Webbformulär,Produkt- eller tjänsteinformation,Kundinformation,12,1,Ja,Ja,,4,5,10,9,106.76,Nej,Jag hittade det mesta av informationen själv och kundservicen bekräftade den sista detaljen.
R0090,2026-04-08,Företagskund,35–44,Annan del av regionen,Chatt,Leverans- eller orderstatus,Order och leverans,11,1.5,Ja,Nej,,1,4,7,7,91.76,Nej,Jag behövde hjälp med en retur och personalen förklarade tydligt vad nästa steg var.
R0091,2026-05-19,Återkommande kund,18–24,Lokalt område,Chatt,Retur eller avbokning,Order och leverans,16,1.2,Ja,Nej,,2,5,6,7,139.85,Nej,"Jag sökte efter spårningsinformation på webbplatsen men hittade den inte, så jag var tvungen att använda webbformuläret."
R0092,2026-04-24,Ny kund,35–44,Annan del av regionen,Telefon,Köp eller bokning,Order och leverans,36,6.8,Nej,Nej,,2,5,7,6,68.69,Ja,Jag kontaktade företaget endast eftersom jag inte kunde se på webben när min beställning skulle komma.
R0093,2026-03-10,Ny kund,35–44,Annan del av regionen,Chatt,Teknisk support,Teknisk support,33,4.3,Nej,Nej,,4,3,3,4,94.63,Nej,Svaret lät otåligt och jag var tvungen att kontakta företaget igen innan problemet blev löst.
R0094,2026-01-12,Ny kund,25–34,Annan del av regionen,Telefon,Fakturering eller betalning,Fakturering och betalning,14,1.1,Ja,Nej,,5,4,5,6,70.23,Nej,Betalningsproblemet löstes vid den första kontakten.
R0095,2026-04-13,Återkommande kund,65+,Annanstans i Finland,Webbformulär,Leverans- eller orderstatus,Order och leverans,13,6.3,Nej,Nej,,1,4,5,5,48.23,Nej,Jag hittade inte var jag kunde kontrollera orderstatusen. Personalen var hjälpsam när jag till slut kontaktade företaget.
R0096,2026-01-20,Återkommande kund,55–64,Annan del av regionen,E-post,Teknisk support,Teknisk support,24,2.4,Ja,Nej,3,4,3,6,5,108.63,Nej,Svaret lät otåligt och jag var tvungen att kontakta företaget igen innan problemet blev löst.
R0097,2026-01-23,Ny kund,25–34,Annanstans i Finland,Chatt,Leverans- eller orderstatus,Order och leverans,20,2.7,Ja,Nej,,2,4,8,9,64.75,Nej,
R0098,2026-05-15,Återkommande kund,35–44,Annan del av regionen,Webbformulär,Leverans- eller orderstatus,Order och leverans,19,8.1,Nej,Nej,,2,4,5,5,131.62,Ja,När jag väl fick kontakt med någon var svaret tydligt. Den här informationen borde finnas på webbplatsen utan att man behöver kontakta företaget.
R0099,2026-02-02,Företagskund,55–64,Lokalt område,Chatt,Installation eller konfigurering,Teknisk support,23,11.5,Nej,Nej,,3,3,5,5,911.18,Ja,"Det första tekniska svaret berättade vad jag skulle prova, men inte hur jag skulle göra det. Jag behövde kontakta företaget igen."
R0100,2026-05-13,Ny kund,65+,Lokalt område,Chatt,Köp eller bokning,Fakturering och betalning,20,1.6,Ja,Ja,,4,3,8,8,579.69,Ja,Min fråga om fakturan besvarades tydligt och jag förstod avgiften.
R0101,2026-01-25,Ny kund,45–54,Lokalt område,Chatt,Köp eller bokning,Kundinformation,7,5,Nej,Ja,,5,5,9,9,33.43,Ja,
R0102,2026-06-22,Återkommande kund,25–34,Lokalt område,Chatt,Installation eller konfigurering,Teknisk support,23,10.1,Nej,Ja,,3,2,4,6,31.55,Nej,Teknikerns svar var väldigt kort och jag visste fortfarande inte vad jag skulle göra.
R0103,2026-02-14,Ny kund,25–34,Annan del av regionen,Telefon,Produkt- eller tjänsteinformation,Kundinformation,16,0.8,Ja,Ja,,4,5,8,8,8.94,Nej,Jag hittade det mesta av informationen själv och kundservicen bekräftade den sista detaljen.
R0104,2026-01-19,Företagskund,55–64,Lokalt område,E-post,Köp eller bokning,Fakturering och betalning,12,1.6,Ja,Ja,3,4,5,8,9,436.62,Nej,Jag behövde en uppföljande kontakt om fakturan innan allt blev tydligt.
R0105,2026-05-28,Återkommande kund,25–34,Annan del av regionen,Telefon,Teknisk support,Teknisk support,36,9.8,Nej,Ja,,4,3,5,3,65.59,Ja,
R0106,2026-01-28,Ny kund,35–44,Lokalt område,Telefon,Produkt- eller tjänsteinformation,Kundinformation,20,1.5,Ja,Ja,,4,5,10,9,122.35,Nej,"Kvinnan som hjälpte mig tog extra tid för att förklara alternativen, och det uppskattade jag verkligen."
R0107,2026-04-14,Återkommande kund,25–34,Annanstans i Finland,Webbformulär,Köp eller bokning,Fakturering och betalning,10,1.9,Ja,Nej,,4,4,6,7,134.9,Nej,Jag behövde en uppföljande kontakt om fakturan innan allt blev tydligt.
R0108,2026-01-21,Ny kund,55–64,Annanstans i Finland,Chatt,Produkt- eller tjänsteinformation,Kundinformation,19,0.7,Ja,Ja,,5,5,10,10,542.84,Nej,"Kvinnan som hjälpte mig tog extra tid för att förklara alternativen, och det uppskattade jag verkligen."
R0109,2026-05-17,Företagskund,25–34,Annanstans i Finland,Telefon,Leverans- eller orderstatus,Order och leverans,4,1.3,Ja,Nej,,2,5,7,5,102.48,Nej,
R0110,2026-03-09,Återkommande kund,55–64,Lokalt område,E-post,Köp eller bokning,Kundinformation,4,4.8,Nej,Ja,4,5,5,9,9,97.64,Ja,Personalen lyssnade noggrant och gav mig ett tydligt svar.
R0111,2026-06-13,Återkommande kund,35–44,Lokalt område,Webbformulär,Fakturering eller betalning,Fakturering och betalning,8,4.6,Nej,Nej,,4,4,5,5,148.3,Nej,"Personalen var vänlig, även om fakturans utformning kunde vara tydligare."
R0112,2026-04-08,Ny kund,65+,Annan del av regionen,Webbformulär,Fakturering eller betalning,Fakturering och betalning,22,8.7,Nej,Ja,,4,4,6,7,71.73,Ja,Faktureringsinformationen var ganska lätt att hitta och den sista frågan besvarades via e-post.
R0113,2026-01-07,Återkommande kund,18–24,Lokalt område,Chatt,Retur eller avbokning,Order och leverans,30,1,Ja,Ja,,1,5,8,8,50.44,Nej,Jag behövde hjälp med en retur och personalen förklarade tydligt vad nästa steg var.
R0114,2026-06-07,Återkommande kund,45–54,Lokalt område,E-post,Klagomål eller uppföljning,Order och leverans,12,0.6,Ja,Nej,5,2,5,8,6,109.83,Nej,Min fråga om beställningen löstes snabbt och personalen var hjälpsam.
R0115,2026-06-26,Återkommande kund,45–54,Lokalt område,Chatt,Köp eller bokning,Kundinformation,3,0.5,Ja,Nej,,4,5,9,7,61.13,Nej,Min fråga blev besvarad. Processen fungerade bra överlag.
R0116,2026-01-14,Ny kund,65+,Annanstans i Finland,Webbformulär,Köp eller bokning,Order och leverans,12,1.3,Ja,Nej,,2,5,8,7,93.92,Nej,Min fråga om beställningen löstes snabbt och personalen var hjälpsam.
R0117,2026-06-25,Återkommande kund,45–54,Lokalt område,Telefon,Köp eller bokning,Fakturering och betalning,22,1,Ja,Ja,,4,3,8,8,48.92,Ja,"Personalen var vänlig, även om fakturans utformning kunde vara tydligare."
R0118,2026-06-01,Ny kund,35–44,Lokalt område,På plats,Retur eller avbokning,Kundinformation,13,0.8,Ja,Nej,,4,4,10,10,57.98,Nej,"Jag var osäker på webbformuläret, men den äldre damen guidade mig genom det steg för steg."
R0119,2026-03-31,Ny kund,35–44,Lokalt område,E-post,Teknisk support,Teknisk support,22,16.7,Nej,Nej,4,4,2,2,3,55.59,Ja,Jag var tvungen att förklara samma tekniska problem två gånger innan jag fick ett användbart svar.
R0120,2026-05-29,Ny kund,55–64,Annanstans i Finland,E-post,Retur eller avbokning,Fakturering och betalning,11,3.6,Ja,Nej,4,3,5,8,7,188.31,Nej,"Personalen var vänlig, även om fakturans utformning kunde vara tydligare."
R0121,2026-03-17,Ny kund,25–34,Annanstans i Finland,Chatt,Retur eller avbokning,Order och leverans,17,5.9,Nej,Nej,,2,4,7,7,37.34,Ja,Kundservicen besvarade min fråga om leveransen. Processen fungerade överlag bra.
R0122,2026-04-29,Ny kund,18–24,Annan del av regionen,E-post,Fakturering eller betalning,Fakturering och betalning,14,1.5,Ja,Ja,3,4,5,10,8,83.65,Nej,"Personalen var vänlig, även om fakturans utformning kunde vara tydligare."
R0123,2026-03-13,Ny kund,55–64,Lokalt område,Telefon,Fakturering eller betalning,Fakturering och betalning,11,7.5,Nej,Ja,,4,4,6,4,19.95,Ja,Jag behövde en uppföljande kontakt om fakturan innan allt blev tydligt.
R0124,2026-01-23,Återkommande kund,55–64,Lokalt område,Telefon,Teknisk support,Teknisk support,34,1.6,Ja,Ja,,5,3,8,7,54.94,Nej,Ärendet var mer komplicerat än väntat och krävde flera steg innan det blev löst.
R0125,2026-01-12,Ny kund,65+,Annanstans i Finland,Chatt,Produkt- eller tjänsteinformation,Kundinformation,9,1.4,Ja,Ja,,4,5,10,10,110.28,Nej,Mycket hjälpsam kundinformation. Min fråga löstes vid den första kontakten.
R0126,2026-02-03,Ny kund,25–34,Annan del av regionen,Telefon,Produkt- eller tjänsteinformation,Kundinformation,11,1.2,Ja,Ja,,4,5,9,6,316.52,Nej,
R0127,2026-05-03,Ny kund,65+,Annan del av regionen,E-post,Köp eller bokning,Order och leverans,23,1.6,Ja,Nej,4,2,5,8,9,392.23,Nej,Jag hittade inte var jag kunde kontrollera orderstatusen. Personalen var hjälpsam när jag till slut kontaktade företaget.
R0128,2026-06-19,Återkommande kund,18–24,Annan del av regionen,E-post,Klagomål eller uppföljning,Teknisk support,29,2.3,Ja,Ja,4,5,3,7,7,176.39,Ja,Det kändes som om jag störde teknikern när jag ställde en följdfråga.
R0129,2026-01-28,Återkommande kund,45–54,Lokalt område,Telefon,Fakturering eller betalning,Fakturering och betalning,10,0.8,Ja,Ja,,4,4,8,7,87.84,Nej,"Betalningsprocessen fungerade, men jag skulle önska ett snabbare svar på e-post."
R0130,2026-04-19,Ny kund,25–34,Lokalt område,E-post,Fakturering eller betalning,Fakturering och betalning,24,0.6,Ja,Ja,4,4,4,9,10,90.6,Nej,Jag fick ett tydligt svar på min fråga om faktureringen.
R0131,2026-06-02,Ny kund,18–24,Lokalt område,E-post,Klagomål eller uppföljning,Fakturering och betalning,25,3.5,Nej,Ja,3,4,5,7,7,45.59,Ja,"Jag behövde fråga om en extra avgift, men förklaringen var rimlig."
R0132,2026-01-19,Återkommande kund,45–54,Annan del av regionen,Telefon,Fakturering eller betalning,Fakturering och betalning,13,3.4,Ja,Ja,,4,3,7,7,83.53,Nej,"Jag behövde fråga om en extra avgift, men förklaringen var rimlig."
R0133,2026-06-08,Återkommande kund,25–34,Annanstans i Finland,E-post,Produkt- eller tjänsteinformation,Kundinformation,6,0.4,Ja,Nej,4,3,5,8,9,52.64,Nej,Vänlig service och en tydlig förklaring av vad jag behövde göra härnäst.
R0134,2026-03-02,Ny kund,25–34,Lokalt område,E-post,Teknisk support,Teknisk support,1,18.6,Nej,Ja,3,3,3,3,4,70.72,Ja,Problemet verkar vara löst nu. Jag skulle ha uppskattat en lite tydligare förklaring.
R0135,2026-06-06,Företagskund,18–24,Annanstans i Finland,Chatt,Produkt- eller tjänsteinformation,Kundinformation,1,0.5,Ja,Nej,,3,4,9,10,1800,Nej,Jag hade flera frågor och den äldre damen besvarade allihop utan att få mig att känna mig stressad.
R0136,2026-02-03,Ny kund,35–44,Lokalt område,Telefon,Klagomål eller uppföljning,Kundinformation,19,1,Ja,Ja,,4,4,10,10,48.18,Nej,
R0137,2026-06-19,Återkommande kund,45–54,Annan del av regionen,E-post,Teknisk support,Teknisk support,32,2.5,Ja,Ja,3,4,2,5,4,53.88,Nej,"Jag blev ombedd att läsa instruktionerna, men de gav inget svar på min fråga."
R0138,2026-02-12,Ny kund,35–44,Lokalt område,Telefon,Produkt- eller tjänsteinformation,Kundinformation,15,0.6,Ja,Ja,,4,4,9,7,17.48,Nej,"Den äldre damen vid disken var varm, tålmodig och mycket tydlig. När jag gick därifrån visste jag exakt vad jag skulle göra."
R0139,2026-01-31,Återkommande kund,55–64,Annan del av regionen,På plats,Teknisk support,Teknisk support,7,2.4,Ja,Nej,,4,2,4,4,89.56,Nej,"Jag fick snabbt ett svar, men det löste egentligen inte problemet."
R0140,2026-03-12,Återkommande kund,25–34,Annan del av regionen,På plats,Produkt- eller tjänsteinformation,Kundinformation,8,0.9,Ja,Ja,,5,5,10,10,28.7,Nej,"Jag känner mig inte särskilt bekväm med digitala tjänster, men den äldre damen fick processen att kännas enkel."
R0141,2026-04-22,Företagskund,25–34,Annan del av regionen,Webbformulär,Leverans- eller orderstatus,Order och leverans,9,0.7,Ja,Nej,,2,4,5,8,364.83,Nej,Jag hittade inte var jag kunde kontrollera orderstatusen. Personalen var hjälpsam när jag till slut kontaktade företaget.
R0142,2026-06-14,Återkommande kund,45–54,Lokalt område,E-post,Leverans- eller orderstatus,Order och leverans,22,2.6,Ja,Nej,4,2,3,6,6,92.69,Nej,Jag hittade inte var jag kunde kontrollera orderstatusen. Personalen var hjälpsam när jag till slut kontaktade företaget.
R0143,2026-06-24,Ny kund,35–44,Annanstans i Finland,E-post,Retur eller avbokning,Fakturering och betalning,18,1.5,Ja,Ja,5,4,5,8,7,137.66,Nej,"Betalningsprocessen fungerade, men jag skulle önska ett snabbare svar på e-post."
R0144,2026-04-30,Ny kund,35–44,Lokalt område,Telefon,Produkt- eller tjänsteinformation,Kundinformation,20,0.7,Ja,Ja,,4,5,10,9,628.26,Nej,Den äldre damen som hjälpte mig var otroligt tålmodig och förklarade varje steg tydligt.
R0145,2026-04-19,Återkommande kund,18–24,Lokalt område,Telefon,Fakturering eller betalning,Fakturering och betalning,1,3.3,Nej,Ja,,4,4,7,6,141.7,Ja,"Jag behövde fråga om en extra avgift, men förklaringen var rimlig."
R0146,2026-01-20,Återkommande kund,25–34,Lokalt område,Chatt,Köp eller bokning,Order och leverans,12,1.9,Ja,Ja,,2,4,8,9,39.34,Nej,Min fråga om beställningen löstes snabbt och personalen var hjälpsam.
R0147,2026-05-28,Återkommande kund,35–44,Annanstans i Finland,E-post,Fakturering eller betalning,Fakturering och betalning,15,1.5,Ja,Ja,3,4,4,6,6,32.81,Nej,"Jag behövde fråga om en extra avgift, men förklaringen var rimlig."
R0148,2026-06-14,Återkommande kund,18–24,Annan del av regionen,E-post,Installation eller konfigurering,Teknisk support,20,2.6,Ja,Nej,3,3,2,4,2,201.32,Nej,Teknikern gav mig ett svar på en enda rad och avslutade samtalet innan jag hade förstått hur problemet skulle lösas.
R0149,2026-03-30,Återkommande kund,25–34,Annanstans i Finland,Telefon,Köp eller bokning,Fakturering och betalning,22,1.9,Ja,Ja,,5,5,10,10,166.68,Nej,Jag behövde en uppföljande kontakt om fakturan innan allt blev tydligt.
R0150,2026-06-28,Ny kund,65+,Annan del av regionen,På plats,Köp eller bokning,Kundinformation,12,1.4,Ja,Ja,,4,5,8,9,121.18,Nej,"Jag känner mig inte särskilt bekväm med digitala tjänster, men den äldre damen fick processen att kännas enkel."
R0151,2026-01-31,Ny kund,45–54,Annan del av regionen,Chatt,Produkt- eller tjänsteinformation,Kundinformation,1,0.9,Ja,Ja,,5,5,10,9,284.63,Nej,Mycket hjälpsam kundinformation. Min fråga löstes vid den första kontakten.
R0152,2026-03-30,Ny kund,45–54,Lokalt område,Chatt,Leverans- eller orderstatus,Order och leverans,9,2.4,Ja,Nej,,1,5,7,6,593.84,Ja,Jag hittade inte var jag kunde kontrollera orderstatusen. Personalen var hjälpsam när jag till slut kontaktade företaget.
R0153,2026-04-18,Ny kund,55–64,Annanstans i Finland,Webbformulär,Teknisk support,Teknisk support,31,10.1,Nej,Nej,,4,2,1,1,160.63,Ja,"De tekniska instruktionerna var begripliga, även om det tog en stund att lösa problemet."
R0154,2026-02-04,Ny kund,25–34,Annanstans i Finland,Chatt,Klagomål eller uppföljning,Teknisk support,10,1.3,Ja,Nej,,3,3,5,5,29.86,Ja,Teknikerns svar var väldigt kort och jag visste fortfarande inte vad jag skulle göra.
R0155,2026-03-08,Ny kund,35–44,Annan del av regionen,Chatt,Leverans- eller orderstatus,Order och leverans,5,2.2,Ja,Nej,,1,5,6,7,74.99,Nej,Jag kontaktade företaget endast eftersom jag inte kunde se på webben när min beställning skulle komma.
R0156,2026-01-09,Ny kund,35–44,Lokalt område,Telefon,Klagomål eller uppföljning,Kundinformation,7,0.6,Ja,Ja,,4,5,8,8,713.89,Ja,Personalen lyssnade noggrant och gav mig ett tydligt svar.
R0157,2026-03-26,Återkommande kund,55–64,Annanstans i Finland,E-post,Leverans- eller orderstatus,Order och leverans,19,9,Nej,Ja,4,3,5,8,6,243.56,Ja,Jag behövde hjälp med en retur och personalen förklarade tydligt vad nästa steg var.
R0158,2026-03-10,Återkommande kund,45–54,Annan del av regionen,Webbformulär,Retur eller avbokning,Order och leverans,3,0.7,Ja,Nej,,2,4,7,7,304.63,Ja,När jag väl fick kontakt med någon var svaret tydligt. Den här informationen borde finnas på webbplatsen utan att man behöver kontakta företaget.
R0159,2026-04-08,Återkommande kund,18–24,Annanstans i Finland,Telefon,Installation eller konfigurering,Teknisk support,1,9.7,Nej,Nej,,4,2,4,4,34.41,Ja,"Jag blev ombedd att läsa instruktionerna, men de gav inget svar på min fråga."
R0160,2026-02-18,Återkommande kund,25–34,Lokalt område,Telefon,Produkt- eller tjänsteinformation,Kundinformation,6,0.9,Ja,Ja,,4,4,10,10,90.15,Nej,Mycket hjälpsam kundinformation. Min fråga löstes vid den första kontakten.
R0161,2026-05-06,Företagskund,65+,Annan del av regionen,Telefon,Retur eller avbokning,Order och leverans,1,1,Ja,Nej,,2,5,6,6,267.19,Nej,Jag behövde hjälp med en retur och personalen förklarade tydligt vad nästa steg var.
R0162,2026-03-04,Återkommande kund,55–64,Annanstans i Finland,Telefon,Installation eller konfigurering,Teknisk support,1,9,Nej,Ja,,4,2,3,3,283.62,Ja,Teknikern verkade irriterad över grundläggande frågor. Till slut hittade jag lösningen själv.
R0163,2026-02-16,Ny kund,25–34,Lokalt område,E-post,Klagomål eller uppföljning,Order och leverans,13,0.9,Ja,Ja,3,3,5,7,7,305.88,Nej,Kundservicen besvarade min fråga om leveransen. Processen fungerade överlag bra.
R0164,2026-05-28,Ny kund,35–44,Lokalt område,Chatt,Teknisk support,Teknisk support,11,26.1,Nej,Ja,,4,3,5,5,112.95,Ja,Teknikern gav mig ett svar på en enda rad och avslutade samtalet innan jag hade förstått hur problemet skulle lösas.
R0165,2026-05-17,Återkommande kund,25–34,Annan del av regionen,Telefon,Leverans- eller orderstatus,Order och leverans,85,5.1,Nej,Nej,,1,4,6,7,28.25,Ja,Jag hittade spårningssidan och kontaktade företaget bara för att bekräfta en detalj.
R0166,2026-02-16,Återkommande kund,18–24,Annan del av regionen,Chatt,Köp eller bokning,Kundinformation,17,1.1,Ja,Nej,,4,5,10,8,31.65,Nej,"Jag var osäker på webbformuläret, men den äldre damen guidade mig genom det steg för steg."
R0167,2026-05-16,Återkommande kund,55–64,Lokalt område,Telefon,Köp eller bokning,Fakturering och betalning,11,7.1,Nej,Nej,,4,4,7,8,124.92,Ja,Faktureringsinformationen var ganska lätt att hitta och den sista frågan besvarades via e-post.
R0168,2026-03-30,Ny kund,25–34,Annan del av regionen,E-post,Köp eller bokning,Order och leverans,1,2.5,Ja,Ja,4,2,5,7,6,498.86,Nej,Jag behövde hjälp med en retur och personalen förklarade tydligt vad nästa steg var.
R0169,2026-02-21,Ny kund,55–64,Lokalt område,Webbformulär,Köp eller bokning,Fakturering och betalning,16,4.4,Nej,Ja,,4,4,6,6,90.7,Nej,"Jag behövde fråga om en extra avgift, men förklaringen var rimlig."
R0170,2026-02-02,Ny kund,25–34,Annan del av regionen,Chatt,Teknisk support,Teknisk support,18,9.7,Nej,Ja,,4,3,4,6,216.77,Ja,Teknikern gav mig ett svar på en enda rad och avslutade samtalet innan jag hade förstått hur problemet skulle lösas.
R0171,2026-02-18,Ny kund,35–44,Lokalt område,Telefon,Installation eller konfigurering,Teknisk support,34,8.7,Nej,Nej,,4,2,4,4,51.94,Ja,"Jag fick snabbt ett svar, men det löste egentligen inte problemet."
R0172,2026-03-06,Ny kund,45–54,Lokalt område,På plats,Leverans- eller orderstatus,Order och leverans,33,1.7,Ja,Nej,,2,5,10,9,26.36,Nej,Jag kontaktade företaget endast eftersom jag inte kunde se på webben när min beställning skulle komma.
R0173,2026-05-30,Företagskund,55–64,Lokalt område,Chatt,Teknisk support,Teknisk support,20,18.3,Nej,Nej,,4,4,4,4,99.64,Nej,"Jag fick snabbt ett svar, men det löste egentligen inte problemet."
R0174,2026-06-28,Ny kund,55–64,Annan del av regionen,Telefon,Produkt- eller tjänsteinformation,Kundinformation,12,0.8,Ja,Ja,,4,5,10,10,30.04,Nej,"Jag känner mig inte särskilt bekväm med digitala tjänster, men den äldre damen fick processen att kännas enkel."
R0175,2026-04-27,Ny kund,45–54,Annan del av regionen,Webbformulär,Teknisk support,Teknisk support,17,6.3,Nej,Ja,,4,2,2,3,63.43,Ja,"Det tekniska problemet var verkligt, men svaret kändes avfärdande snarare än hjälpsamt."
R0176,2026-06-21,Företagskund,45–54,Lokalt område,E-post,Installation eller konfigurering,Teknisk support,101,5.5,Nej,Nej,2,3,2,4,3,311.04,Ja,Teknikern gav mig ett svar på en enda rad och avslutade samtalet innan jag hade förstått hur problemet skulle lösas.
R0177,2026-04-19,Företagskund,25–34,Lokalt område,Telefon,Köp eller bokning,Order och leverans,12,5.7,Nej,Nej,,2,4,7,4,103.11,Nej,Jag hade en enkel fråga om min beställning som egentligen borde ha besvarats på webbplatsen.
R0178,2026-04-09,Ny kund,18–24,Annanstans i Finland,Telefon,Fakturering eller betalning,Fakturering och betalning,20,7.5,Nej,Ja,,4,4,7,6,47.2,Ja,"Betalningsprocessen fungerade, men jag skulle önska ett snabbare svar på e-post."
R0179,2026-01-29,Återkommande kund,65+,Lokalt område,Telefon,Teknisk support,Teknisk support,37,17.9,Nej,Ja,,4,3,5,6,135.96,Ja,Jag var tvungen att förklara samma tekniska problem två gånger innan jag fick ett användbart svar.
R0180,2026-06-24,Återkommande kund,45–54,Lokalt område,Chatt,Leverans- eller orderstatus,Order och leverans,6,6.2,Ja,Nej,,2,4,7,5,74.25,Nej,Jag hade en enkel fråga om min beställning som egentligen borde ha besvarats på webbplatsen.
R0181,2026-01-22,Återkommande kund,45–54,Lokalt område,Chatt,Fakturering eller betalning,Fakturering och betalning,3,1.8,Ja,Ja,,4,4,6,7,48.69,Nej,Min fråga om fakturan besvarades tydligt och jag förstod avgiften.
R0182,2026-01-07,Ny kund,18–24,Annanstans i Finland,Chatt,Produkt- eller tjänsteinformation,Kundinformation,13,1.6,Ja,Ja,,4,5,10,10,123.46,Nej,Vänlig service och en tydlig förklaring av vad jag behövde göra härnäst.
R0183,2026-06-01,Återkommande kund,55–64,Lokalt område,På plats,Produkt- eller tjänsteinformation,Kundinformation,24,0.5,Ja,Ja,,4,5,10,10,126.24,Nej,Jag hade flera frågor och den äldre damen besvarade allihop utan att få mig att känna mig stressad.
R0184,2026-02-07,Ny kund,55–64,Lokalt område,Telefon,Köp eller bokning,Kundinformation,71,0.3,Ja,Ja,,4,5,10,10,55.71,Nej,Utmärkt service av den äldre damen. Hon lyssnade noggrant och löste allt under ett enda samtal.
R0185,2026-04-07,Företagskund,35–44,Annan del av regionen,Chatt,Produkt- eller tjänsteinformation,Kundinformation,9,0.3,Ja,Ja,,5,4,10,10,703.67,Nej,"Jag var osäker på webbformuläret, men den äldre damen guidade mig genom det steg för steg."
R0186,2026-06-14,Återkommande kund,18–24,Annan del av regionen,Telefon,Köp eller bokning,Kundinformation,6,0.6,Ja,Ja,,4,4,10,10,49.38,Nej,Den äldre damen var antagligen den mest hjälpsamma person jag har talat med på företaget.
R0187,2026-03-09,Återkommande kund,25–34,Annan del av regionen,E-post,Leverans- eller orderstatus,Order och leverans,32,2.5,Ja,Nej,4,2,4,6,6,128.75,Nej,När jag väl fick kontakt med någon var svaret tydligt. Den här informationen borde finnas på webbplatsen utan att man behöver kontakta företaget.
R0188,2026-04-20,Återkommande kund,25–34,Annan del av regionen,Chatt,Leverans- eller orderstatus,Order och leverans,20,1.2,Ja,Nej,,2,5,8,9,46.39,Nej,Det var inget fel på personalen. Problemet var att webbplatsen inte gav mig den information jag behövde.
R0189,2026-04-26,Återkommande kund,65+,Annan del av regionen,Chatt,Installation eller konfigurering,Teknisk support,19,10.7,Nej,Nej,,4,3,4,4,51.01,Ja,Det kändes som om jag störde teknikern när jag ställde en följdfråga.
R0190,2026-06-29,Företagskund,25–34,Lokalt område,Chatt,Installation eller konfigurering,Teknisk support,13,11.1,Nej,Ja,,4,4,4,5,970.2,Ja,Det kändes som om jag störde teknikern när jag ställde en följdfråga.
R0191,2026-03-28,Återkommande kund,18–24,Annan del av regionen,E-post,Installation eller konfigurering,Teknisk support,15,9,Nej,Nej,2,4,2,4,4,79.06,Ja,Teknikern gav mig ett svar på en enda rad och avslutade samtalet innan jag hade förstått hur problemet skulle lösas.
R0192,2026-06-28,Ny kund,25–34,Lokalt område,Telefon,Retur eller avbokning,Kundinformation,18,0.4,Ja,Ja,,4,5,10,9,353.42,Nej,Jag hade flera frågor och den äldre damen besvarade allihop utan att få mig att känna mig stressad.
R0193,2026-02-21,Återkommande kund,25–34,Annan del av regionen,På plats,Köp eller bokning,Kundinformation,9,0.6,Ja,Ja,,4,5,10,9,165.52,Nej,
R0194,2026-03-18,Återkommande kund,35–44,Annan del av regionen,Chatt,Teknisk support,Teknisk support,22,1.8,Ja,Nej,,5,2,5,7,127.68,Ja,Ärendet var mer komplicerat än väntat och krävde flera steg innan det blev löst.
R0195,2026-04-10,Ny kund,35–44,Annan del av regionen,Telefon,Fakturering eller betalning,Fakturering och betalning,18,2.3,Ja,Nej,,3,4,8,9,133.24,Nej,
R0196,2026-05-14,Återkommande kund,18–24,Annan del av regionen,E-post,Teknisk support,Teknisk support,10,3.6,Ja,Nej,4,3,3,6,6,71.62,Nej,Teknikerns svar var väldigt kort och jag visste fortfarande inte vad jag skulle göra.
R0197,2026-06-25,Företagskund,25–34,Annan del av regionen,Telefon,Teknisk support,Teknisk support,34,22.6,Nej,Ja,,4,3,4,3,85.14,Ja,Teknikerns svar var väldigt kort och jag visste fortfarande inte vad jag skulle göra.
R0198,2026-02-01,Återkommande kund,45–54,Annanstans i Finland,Webbformulär,Teknisk support,Teknisk support,38,3.6,Ja,Ja,,4,3,7,5,389.89,Ja,"Jag blev ombedd att läsa instruktionerna, men de gav inget svar på min fråga."
R0199,2026-03-06,Återkommande kund,45–54,Lokalt område,Chatt,Leverans- eller orderstatus,Order och leverans,4,1.1,Ja,Ja,,3,5,8,6,32.87,Nej,Jag behövde hjälp med en retur och personalen förklarade tydligt vad nästa steg var.
R0200,2026-03-14,Ny kund,65+,Annan del av regionen,Webbformulär,Köp eller bokning,Order och leverans,13,1.4,Ja,Nej,,2,4,7,7,88.09,Nej,"Sidorna om returer och leveranser var svåra att navigera, så jag kontaktade kundservicen i stället."
R0201,2026-01-18,Ny kund,25–34,Lokalt område,Webbformulär,Köp eller bokning,Kundinformation,22,1.9,Ja,Ja,,5,5,10,10,96.16,Nej,Personalen lyssnade noggrant och gav mig ett tydligt svar.
R0202,2026-05-24,Företagskund,18–24,Annanstans i Finland,Chatt,Teknisk support,Teknisk support,33,15.2,Nej,Nej,,3,3,2,3,398.35,Ja,"De tekniska instruktionerna var begripliga, även om det tog en stund att lösa problemet."
R0203,2026-03-15,Återkommande kund,65+,Annan del av regionen,Telefon,Klagomål eller uppföljning,Fakturering och betalning,21,1.2,Ja,Ja,,4,4,7,7,67.17,Nej,
R0204,2026-06-27,Ny kund,25–34,Lokalt område,Telefon,Teknisk support,Teknisk support,27,2.9,Ja,Ja,,4,2,7,4,151.24,Nej,"Det första tekniska svaret berättade vad jag skulle prova, men inte hur jag skulle göra det. Jag behövde kontakta företaget igen."
R0205,2026-03-26,Återkommande kund,55–64,Lokalt område,Webbformulär,Köp eller bokning,Order och leverans,5,1.6,Ja,Nej,,1,4,8,8,54.91,Nej,När jag väl fick kontakt med någon var svaret tydligt. Den här informationen borde finnas på webbplatsen utan att man behöver kontakta företaget.
R0206,2026-04-24,Ny kund,18–24,Annan del av regionen,E-post,Leverans- eller orderstatus,Order och leverans,22,3.1,Ja,Nej,3,3,3,7,7,96,Nej,Informationen på webbplatsen var tydlig och kundservicen bekräftade leveransdatumet.
R0207,2026-05-01,Ny kund,45–54,Lokalt område,E-post,Retur eller avbokning,Fakturering och betalning,17,4.3,Nej,Ja,4,4,4,6,7,59.17,Ja,Min fråga om fakturan besvarades tydligt och jag förstod avgiften.
R0208,2026-06-08,Ny kund,35–44,Lokalt område,Telefon,Leverans- eller orderstatus,Order och leverans,23,1.1,Ja,Nej,,1,5,7,7,32.9,Ja,Jag gick runt i cirklar på webbplatsen när jag letade efter leveransinformation. Personen i kundservicen var däremot bra.
R0209,2026-06-19,Återkommande kund,45–54,Lokalt område,E-post,Klagomål eller uppföljning,Order och leverans,10,2.6,Ja,Ja,2,2,4,9,6,312.38,Nej,Jag behövde hjälp med en retur och personalen förklarade tydligt vad nästa steg var.
R0210,2026-04-17,Ny kund,25–34,Annanstans i Finland,E-post,Teknisk support,Teknisk support,28,16.6,Nej,Ja,2,5,3,5,6,57.6,Ja,Teknikern gav mig ett svar på en enda rad och avslutade samtalet innan jag hade förstått hur problemet skulle lösas.
R0211,2026-03-12,Ny kund,35–44,Lokalt område,Webbformulär,Klagomål eller uppföljning,Teknisk support,11,14,Nej,Ja,,4,3,5,7,92.5,Nej,"Jag fick snabbt ett svar, men det löste egentligen inte problemet."
R0212,2026-06-13,Ny kund,35–44,Lokalt område,E-post,Leverans- eller orderstatus,Order och leverans,15,1.5,Ja,Nej,4,3,5,6,5,81.91,Nej,"Sidorna om returer och leveranser var svåra att navigera, så jag kontaktade kundservicen i stället."
R0213,2026-05-24,Återkommande kund,25–34,Annanstans i Finland,E-post,Klagomål eller uppföljning,Order och leverans,21,9.8,Nej,Nej,4,2,4,5,7,87.58,Ja,Leveransinformationen på webbplatsen var otydlig. Kundservicen svarade genast när jag frågade.
R0214,2026-02-04,Återkommande kund,25–34,Lokalt område,På plats,Produkt- eller tjänsteinformation,Kundinformation,1,1.4,Ja,Ja,,5,5,10,10,184.68,Nej,Utmärkt service av den äldre damen. Hon lyssnade noggrant och löste allt under ett enda samtal.
R0215,2026-05-22,Företagskund,65+,Lokalt område,På plats,Fakturering eller betalning,Fakturering och betalning,1,2.7,Ja,Ja,,4,4,8,6,1571.07,Nej,Jag fick ett tydligt svar på min fråga om faktureringen.
R0216,2026-03-27,Ny kund,18–24,Annan del av regionen,E-post,Fakturering eller betalning,Fakturering och betalning,18,6.2,Nej,Ja,4,3,3,7,7,160.59,Ja,Min fråga om fakturan besvarades tydligt och jag förstod avgiften.
R0217,2026-04-06,Återkommande kund,55–64,Lokalt område,E-post,Fakturering eller betalning,Fakturering och betalning,34,1.2,Ja,Ja,3,4,4,8,8,239.02,Nej,
R0218,2026-04-23,Ny kund,55–64,Lokalt område,På plats,Retur eller avbokning,Kundinformation,18,0.5,Ja,Ja,,4,4,9,9,116.09,Nej,Jag hade flera frågor och den äldre damen besvarade allihop utan att få mig att känna mig stressad.
R0219,2026-03-04,Ny kund,35–44,Annanstans i Finland,E-post,Fakturering eller betalning,Fakturering och betalning,10,3.8,Ja,Ja,4,5,5,8,7,354.75,Nej,"Betalningsprocessen fungerade, men jag skulle önska ett snabbare svar på e-post."
R0220,2026-04-01,Återkommande kund,65+,Annanstans i Finland,På plats,Produkt- eller tjänsteinformation,Kundinformation,11,0.6,Ja,Ja,,4,5,8,8,61.4,Nej,Den äldre kvinnan som svarade i telefon var ovanligt vänlig och förklarade bokningsprocessen i lugn takt.
R0221,2026-01-21,Återkommande kund,25–34,Annan del av regionen,Chatt,Leverans- eller orderstatus,Order och leverans,23,1.6,Ja,Nej,,1,4,8,7,22.37,Nej,När jag väl fick kontakt med någon var svaret tydligt. Den här informationen borde finnas på webbplatsen utan att man behöver kontakta företaget.
R0222,2026-02-26,Återkommande kund,35–44,Annan del av regionen,E-post,Fakturering eller betalning,Fakturering och betalning,3,3.8,Ja,Ja,4,5,4,8,9,42.22,Nej,"Betalningsprocessen fungerade, men jag skulle önska ett snabbare svar på e-post."
R0223,2026-03-22,Ny kund,25–34,Lokalt område,Telefon,Retur eller avbokning,Order och leverans,37,1.4,Ja,Nej,,2,4,8,8,12.34,Nej,Min fråga om beställningen löstes snabbt och personalen var hjälpsam.
R0224,2026-06-20,Ny kund,35–44,Annan del av regionen,Chatt,Installation eller konfigurering,Teknisk support,1,2.5,Ja,Ja,,4,2,5,7,28.72,Nej,"Det tekniska problemet var verkligt, men svaret kändes avfärdande snarare än hjälpsamt."
R0225,2026-03-01,Företagskund,65+,Annan del av regionen,Telefon,Teknisk support,Teknisk support,7,2.3,Ja,Ja,,4,2,6,6,196.52,Nej,"Min fråga om konfigureringen löstes delvis, men jag behöver fortfarande testa det sista steget."
R0226,2026-04-19,Ny kund,35–44,Annanstans i Finland,Telefon,Leverans- eller orderstatus,Order och leverans,15,2.1,Ja,Nej,,2,5,7,6,108.78,Nej,Leveransinformationen på webbplatsen var otydlig. Kundservicen svarade genast när jag frågade.
R0227,2026-04-12,Återkommande kund,55–64,Annanstans i Finland,Telefon,Retur eller avbokning,Kundinformation,11,2.1,Ja,Ja,,4,4,8,6,29.81,Nej,"Kvinnan som hjälpte mig tog extra tid för att förklara alternativen, och det uppskattade jag verkligen."
R0228,2026-04-08,Återkommande kund,35–44,Annanstans i Finland,E-post,Fakturering eller betalning,Fakturering och betalning,1,2.7,Ja,Ja,3,4,4,8,9,256.57,Nej,"Betalningsprocessen fungerade, men jag skulle önska ett snabbare svar på e-post."
R0229,2026-03-19,Återkommande kund,25–34,Annanstans i Finland,E-post,Klagomål eller uppföljning,Teknisk support,49,13,Nej,Nej,3,4,2,4,3,48.97,Ja,"Jag fick snabbt ett svar, men det löste egentligen inte problemet."
R0230,2026-02-28,Återkommande kund,25–34,Lokalt område,E-post,Leverans- eller orderstatus,Order och leverans,9,2.8,Ja,Nej,4,2,5,7,8,19.8,Nej,Det var inget fel på personalen. Problemet var att webbplatsen inte gav mig den information jag behövde.
R0231,2026-04-04,Företagskund,35–44,Lokalt område,E-post,Leverans- eller orderstatus,Order och leverans,4,0.4,Ja,Ja,3,2,5,8,7,235.77,Nej,Kundservicen besvarade min fråga om leveransen. Processen fungerade överlag bra.
R0232,2026-03-08,Ny kund,45–54,Lokalt område,Webbformulär,Retur eller avbokning,Order och leverans,11,1.3,Ja,Nej,,2,4,7,6,246.72,Nej,Jag gick runt i cirklar på webbplatsen när jag letade efter leveransinformation. Personen i kundservicen var däremot bra.
R0233,2026-03-08,Återkommande kund,55–64,Annan del av regionen,Chatt,Leverans- eller orderstatus,Order och leverans,1,1.3,Ja,Nej,,2,4,9,8,262.7,Nej,Jag gick runt i cirklar på webbplatsen när jag letade efter leveransinformation. Personen i kundservicen var däremot bra.
R0234,2026-02-03,Ny kund,18–24,Lokalt område,Chatt,Produkt- eller tjänsteinformation,Kundinformation,11,1.1,Ja,Ja,,4,4,9,10,58.46,Nej,Vänlig service och en tydlig förklaring av vad jag behövde göra härnäst.
R0235,2026-01-20,Ny kund,45–54,Lokalt område,E-post,Fakturering eller betalning,Fakturering och betalning,29,2.3,Ja,Ja,4,3,4,9,8,50.48,Nej,
R0236,2026-02-18,Företagskund,55–64,Annan del av regionen,E-post,Produkt- eller tjänsteinformation,Kundinformation,7,8.4,Nej,Ja,4,5,5,8,8,230.04,Nej,
R0237,2026-06-17,Ny kund,55–64,Lokalt område,Webbformulär,Klagomål eller uppföljning,Fakturering och betalning,5,1.1,Ja,Ja,,4,3,8,8,397.86,Nej,"Personalen var vänlig, även om fakturans utformning kunde vara tydligare."
R0238,2026-01-18,Ny kund,18–24,Lokalt område,Telefon,Leverans- eller orderstatus,Order och leverans,16,18.4,Nej,Nej,,2,5,6,6,169.65,Nej,Jag hittade inte var jag kunde kontrollera orderstatusen. Personalen var hjälpsam när jag till slut kontaktade företaget.
R0239,2026-01-24,Återkommande kund,25–34,Lokalt område,E-post,Fakturering eller betalning,Fakturering och betalning,14,1.5,Ja,Ja,4,4,4,7,7,27.19,Nej,Betalningsproblemet löstes vid den första kontakten.
R0240,2026-05-21,Ny kund,18–24,Lokalt område,Webbformulär,Fakturering eller betalning,Fakturering och betalning,13,3.2,Nej,Ja,,3,4,8,8,5.94,Nej,Jag fick ett tydligt svar på min fråga om faktureringen.
R0241,2026-03-23,Ny kund,45–54,Annan del av regionen,På plats,Retur eller avbokning,Kundinformation,11,0.7,Ja,Nej,,4,5,10,10,72.52,Nej,Den äldre kvinnan som svarade i telefon var ovanligt vänlig och förklarade bokningsprocessen i lugn takt.
R0242,2026-03-24,Återkommande kund,25–34,Annanstans i Finland,Webbformulär,Leverans- eller orderstatus,Order och leverans,4,4.3,Nej,Nej,,2,4,5,6,218.02,Ja,Jag gick runt i cirklar på webbplatsen när jag letade efter leveransinformation. Personen i kundservicen var däremot bra.
R0243,2026-06-12,Återkommande kund,45–54,Lokalt område,E-post,Produkt- eller tjänsteinformation,Kundinformation,13,0.8,Ja,Nej,3,5,5,10,9,20.36,Nej,
R0244,2026-06-09,Ny kund,25–34,Annan del av regionen,Chatt,Teknisk support,Teknisk support,14,3.2,Ja,Ja,,3,3,5,6,172.28,Nej,Jag var tvungen att förklara samma tekniska problem två gånger innan jag fick ett användbart svar.
R0245,2026-06-08,Återkommande kund,35–44,Lokalt område,Telefon,Köp eller bokning,Order och leverans,11,1.6,Ja,Ja,,2,3,8,6,71.61,Nej,"Beställningen kom som utlovat, men jag skulle vilja få tydligare uppdateringar under leveransen."
R0246,2026-01-11,Återkommande kund,25–34,Lokalt område,På plats,Produkt- eller tjänsteinformation,Kundinformation,4,0.3,Ja,Ja,,4,5,10,10,142.53,Nej,Vänlig service och en tydlig förklaring av vad jag behövde göra härnäst.
R0247,2026-06-19,Ny kund,65+,Lokalt område,Chatt,Installation eller konfigurering,Teknisk support,10,1.1,Ja,Ja,,5,4,7,7,57,Nej,"Det tekniska svaret var kort men korrekt, och jag behövde ingen uppföljning."
R0248,2026-02-25,Återkommande kund,18–24,Annanstans i Finland,Telefon,Retur eller avbokning,Kundinformation,13,1.6,Ja,Ja,,5,5,10,9,51.84,Nej,Den äldre kvinnan som svarade i telefon var ovanligt vänlig och förklarade bokningsprocessen i lugn takt.
R0249,2026-05-27,Återkommande kund,35–44,Annan del av regionen,Telefon,Installation eller konfigurering,Teknisk support,14,9.7,Nej,Ja,,4,3,5,6,179.95,Ja,Svaret lät otåligt och jag var tvungen att kontakta företaget igen innan problemet blev löst.
R0250,2026-06-19,Återkommande kund,18–24,Annan del av regionen,Chatt,Teknisk support,Teknisk support,28,24,Nej,Ja,,4,3,5,5,17.53,Ja,
R0251,2026-02-28,Företagskund,25–34,Lokalt område,Telefon,Leverans- eller orderstatus,Order och leverans,6,1.8,Ja,Nej,,1,3,6,3,65.34,Nej,Jag kontaktade företaget endast eftersom jag inte kunde se på webben när min beställning skulle komma.
R0252,2026-05-05,Ny kund,55–64,Lokalt område,Webbformulär,Retur eller avbokning,Kundinformation,4,1.2,Ja,Ja,,4,4,10,10,37.31,Nej,Jag hade flera frågor och den äldre damen besvarade allihop utan att få mig att känna mig stressad.
R0253,2026-01-29,Återkommande kund,25–34,Lokalt område,Webbformulär,Leverans- eller orderstatus,Order och leverans,21,1.3,Ja,Nej,,2,4,8,7,63.7,Nej,Min fråga om beställningen löstes snabbt och personalen var hjälpsam.
R0254,2026-06-03,Företagskund,18–24,Annanstans i Finland,Chatt,Köp eller bokning,Order och leverans,12,2.2,Ja,Nej,,2,3,6,6,1220.53,Nej,"Jag sökte efter spårningsinformation på webbplatsen men hittade den inte, så jag var tvungen att använda webbformuläret."
R0255,2026-06-12,Återkommande kund,45–54,Lokalt område,Webbformulär,Köp eller bokning,Order och leverans,24,1.7,Ja,Nej,,1,4,8,6,105.87,Nej,"Jag sökte efter spårningsinformation på webbplatsen men hittade den inte, så jag var tvungen att använda webbformuläret."
R0256,2026-04-17,Ny kund,45–54,Annanstans i Finland,Telefon,Fakturering eller betalning,Fakturering och betalning,4,5.8,Nej,Ja,,4,4,6,8,232.93,Nej,"Betalningsprocessen fungerade, men jag skulle önska ett snabbare svar på e-post."
R0257,2026-02-12,Ny kund,35–44,Lokalt område,E-post,Installation eller konfigurering,Teknisk support,24,10.3,Nej,Ja,3,4,2,6,5,294.05,Ja,Det kändes som om jag störde teknikern när jag ställde en följdfråga.
R0258,2026-04-18,Återkommande kund,25–34,Lokalt område,E-post,Leverans- eller orderstatus,Order och leverans,36,2.8,Ja,Nej,3,3,3,8,8,34.08,Nej,"Personalen var hjälpsam, men jag borde ha kunnat hitta leveransstatusen på webbplatsen."
R0259,2026-03-29,Återkommande kund,25–34,Annan del av regionen,E-post,Köp eller bokning,Kundinformation,17,1.2,Ja,Nej,4,4,5,10,8,90.25,Nej,
R0260,2026-06-15,Återkommande kund,55–64,Annan del av regionen,Chatt,Retur eller avbokning,Order och leverans,31,0.5,Ja,Nej,,2,5,7,7,15.01,Nej,
R0261,2026-04-02,Ny kund,25–34,Annan del av regionen,Chatt,Produkt- eller tjänsteinformation,Kundinformation,1,0.5,Ja,Nej,,4,5,9,10,151.07,Ja,Den äldre damen var antagligen den mest hjälpsamma person jag har talat med på företaget.
R0262,2026-05-07,Återkommande kund,55–64,Lokalt område,E-post,Köp eller bokning,Order och leverans,26,1.3,Ja,Ja,4,2,5,8,9,171.89,Nej,Min fråga om beställningen löstes snabbt och personalen var hjälpsam.
R0263,2026-02-26,Företagskund,25–34,Lokalt område,Chatt,Fakturering eller betalning,Fakturering och betalning,93,1.1,Ja,Nej,,3,3,8,6,236.91,Nej,Min fråga om fakturan besvarades tydligt och jag förstod avgiften.
R0264,2026-06-25,Återkommande kund,25–34,Annanstans i Finland,Chatt,Teknisk support,Teknisk support,30,7.8,Nej,Ja,,4,3,4,4,84.43,Ja,Teknikerns svar var väldigt kort och jag visste fortfarande inte vad jag skulle göra.
R0265,2026-04-18,Ny kund,18–24,Lokalt område,E-post,Fakturering eller betalning,Fakturering och betalning,10,1.4,Ja,Ja,4,4,5,8,8,27.81,Ja,Jag behövde en uppföljande kontakt om fakturan innan allt blev tydligt.
R0266,2026-03-02,Återkommande kund,25–34,Lokalt område,Webbformulär,Retur eller avbokning,Order och leverans,13,1.5,Ja,Nej,,2,3,6,6,67.78,Nej,
R0267,2026-01-13,Ny kund,55–64,Annan del av regionen,E-post,Teknisk support,Teknisk support,29,3.7,Ja,Ja,3,4,3,6,4,139.72,Ja,Problemet verkar vara löst nu. Jag skulle ha uppskattat en lite tydligare förklaring.
R0268,2026-05-05,Återkommande kund,25–34,Lokalt område,Webbformulär,Produkt- eller tjänsteinformation,Kundinformation,11,1,Ja,Ja,,4,5,9,8,12.51,Nej,Vänlig service och en tydlig förklaring av vad jag behövde göra härnäst.
R0269,2026-06-12,Återkommande kund,18–24,Lokalt område,E-post,Produkt- eller tjänsteinformation,Kundinformation,21,0.6,Ja,Ja,4,5,5,10,7,95.46,Nej,"Kvinnan som hjälpte mig tog extra tid för att förklara alternativen, och det uppskattade jag verkligen."
R0270,2026-05-13,Ny kund,45–54,Annan del av regionen,Telefon,Retur eller avbokning,Order och leverans,18,1.2,Ja,Ja,,2,5,6,8,59.62,Nej,Kundservicen besvarade min fråga om leveransen. Processen fungerade överlag bra.
R0271,2026-05-09,Återkommande kund,25–34,Lokalt område,På plats,Köp eller bokning,Order och leverans,14,0.9,Ja,Ja,,2,4,9,9,38.76,Nej,Jag behövde hjälp med en retur och personalen förklarade tydligt vad nästa steg var.
R0272,2026-05-17,Återkommande kund,55–64,Annanstans i Finland,Webbformulär,Leverans- eller orderstatus,Order och leverans,38,10.7,Nej,Nej,,1,5,8,6,57.58,Ja,Jag hittade inte var jag kunde kontrollera orderstatusen. Personalen var hjälpsam när jag till slut kontaktade företaget.
R0273,2026-02-27,Återkommande kund,55–64,Annanstans i Finland,Telefon,Installation eller konfigurering,Teknisk support,20,3.6,Ja,Ja,,4,3,5,5,58.76,Ja,"Det tekniska problemet var verkligt, men svaret kändes avfärdande snarare än hjälpsamt."
R0274,2026-02-15,Återkommande kund,25–34,Annan del av regionen,Telefon,Leverans- eller orderstatus,Order och leverans,1,1.8,Ja,Nej,,1,3,7,7,340.64,Nej,"Sidorna om returer och leveranser var svåra att navigera, så jag kontaktade kundservicen i stället."
R0275,2026-01-10,Ny kund,25–34,Lokalt område,På plats,Fakturering eller betalning,Fakturering och betalning,43,2.1,Ja,Ja,,4,5,10,8,442.59,Nej,"Jag behövde fråga om en extra avgift, men förklaringen var rimlig."
R0276,2026-02-22,Ny kund,65+,Lokalt område,Telefon,Köp eller bokning,Kundinformation,3,0.7,Ja,Ja,,3,4,9,7,78.15,Ja,"Jag känner mig inte särskilt bekväm med digitala tjänster, men den äldre damen fick processen att kännas enkel."
R0277,2026-05-30,Ny kund,18–24,Annanstans i Finland,E-post,Fakturering eller betalning,Fakturering och betalning,9,3.8,Ja,Ja,3,4,4,10,8,145.89,Nej,Jag fick ett tydligt svar på min fråga om faktureringen.
R0278,2026-05-15,Återkommande kund,45–54,Annanstans i Finland,Webbformulär,Leverans- eller orderstatus,Order och leverans,32,2.2,Ja,Nej,,1,4,6,5,32.4,Nej,Leveransinformationen på webbplatsen var otydlig. Kundservicen svarade genast när jag frågade.
R0279,2026-01-26,Företagskund,35–44,Lokalt område,Chatt,Retur eller avbokning,Order och leverans,24,1.9,Ja,Nej,,3,5,8,7,110.41,Nej,Min fråga om beställningen löstes snabbt och personalen var hjälpsam.
R0280,2026-02-22,Återkommande kund,35–44,Lokalt område,E-post,Klagomål eller uppföljning,Fakturering och betalning,59,5.3,Nej,Ja,2,4,3,6,8,36.26,Ja,
R0281,2026-03-18,Företagskund,35–44,Lokalt område,Webbformulär,Leverans- eller orderstatus,Order och leverans,12,10.7,Nej,Nej,,2,5,5,6,205.09,Nej,Jag kontaktade företaget endast eftersom jag inte kunde se på webben när min beställning skulle komma.
R0282,2026-01-16,Ny kund,25–34,Lokalt område,Chatt,Leverans- eller orderstatus,Order och leverans,11,7.5,Nej,Nej,,2,4,6,6,162.6,Ja,"Personalen var hjälpsam, men jag borde ha kunnat hitta leveransstatusen på webbplatsen."
R0283,2026-06-21,Återkommande kund,45–54,Lokalt område,På plats,Leverans- eller orderstatus,Order och leverans,22,0.8,Ja,Nej,,3,4,5,6,31.97,Nej,Kundservicen besvarade min fråga om leveransen. Processen fungerade överlag bra.
R0284,2026-06-15,Företagskund,25–34,Annanstans i Finland,E-post,Installation eller konfigurering,Teknisk support,23,3.4,Ja,Nej,4,3,3,6,5,354.7,Ja,Jag var tvungen att förklara samma tekniska problem två gånger innan jag fick ett användbart svar.
R0285,2026-03-25,Återkommande kund,25–34,Annan del av regionen,Chatt,Installation eller konfigurering,Teknisk support,12,13,Nej,Nej,,3,3,4,4,53.18,Ja,Det kändes som om jag störde teknikern när jag ställde en följdfråga.
R0286,2026-05-20,Ny kund,35–44,Annan del av regionen,Telefon,Teknisk support,Teknisk support,20,7.1,Ja,Nej,,3,3,6,7,27.68,Nej,"Jag blev ombedd att läsa instruktionerna, men de gav inget svar på min fråga."
R0287,2026-06-26,Ny kund,25–34,Annan del av regionen,E-post,Fakturering eller betalning,Fakturering och betalning,15,2.4,Ja,Ja,4,4,5,9,10,167.16,Ja,"Betalningsprocessen fungerade, men jag skulle önska ett snabbare svar på e-post."
R0288,2026-02-19,Återkommande kund,35–44,Lokalt område,Webbformulär,Teknisk support,Teknisk support,32,2.6,Ja,Ja,,4,3,4,4,111.31,Nej,"Det första tekniska svaret berättade vad jag skulle prova, men inte hur jag skulle göra det. Jag behövde kontakta företaget igen."
R0289,2026-03-20,Återkommande kund,35–44,Annan del av regionen,Chatt,Teknisk support,Teknisk support,23,1.8,Ja,Nej,,3,3,5,6,48.8,Nej,Jag var tvungen att förklara samma tekniska problem två gånger innan jag fick ett användbart svar.
R0290,2026-05-01,Ny kund,45–54,Lokalt område,Webbformulär,Produkt- eller tjänsteinformation,Kundinformation,1,3.6,Nej,Ja,,4,5,9,10,24.67,Nej,Vänlig service och en tydlig förklaring av vad jag behövde göra härnäst.
R0291,2026-05-28,Företagskund,45–54,Annanstans i Finland,På plats,Klagomål eller uppföljning,Kundinformation,6,0.5,Ja,Ja,,5,5,10,9,202.41,Nej,Jag hittade det mesta av informationen själv och kundservicen bekräftade den sista detaljen.
R0292,2026-04-25,Ny kund,18–24,Lokalt område,Telefon,Fakturering eller betalning,Fakturering och betalning,21,8.1,Nej,Ja,,4,3,6,5,15.39,Ja,"Betalningsprocessen fungerade, men jag skulle önska ett snabbare svar på e-post."
R0293,2026-01-14,Återkommande kund,55–64,Lokalt område,Telefon,Teknisk support,Teknisk support,23,2.8,Ja,Nej,,4,1,5,5,14.08,Nej,Svaret lät otåligt och jag var tvungen att kontakta företaget igen innan problemet blev löst.
R0294,2026-06-15,Återkommande kund,25–34,Lokalt område,Telefon,Klagomål eller uppföljning,Fakturering och betalning,28,2.2,Ja,Ja,,3,3,8,7,50.61,Nej,"Betalningsprocessen fungerade, men jag skulle önska ett snabbare svar på e-post."
R0295,2026-05-09,Återkommande kund,45–54,Lokalt område,Telefon,Installation eller konfigurering,Teknisk support,9,1.6,Ja,Ja,,4,3,7,8,20.87,Nej,"Det första tekniska svaret berättade vad jag skulle prova, men inte hur jag skulle göra det. Jag behövde kontakta företaget igen."
R0296,2026-04-16,Återkommande kund,35–44,Lokalt område,Webbformulär,Installation eller konfigurering,Teknisk support,21,8.6,Nej,Ja,,4,4,5,5,57.22,Ja,Teknikerns svar var väldigt kort och jag visste fortfarande inte vad jag skulle göra.
R0297,2026-05-13,Återkommande kund,55–64,Annanstans i Finland,Telefon,Leverans- eller orderstatus,Order och leverans,15,1.2,Ja,Ja,,2,5,7,7,73.49,Nej,Kundservicen besvarade min fråga om leveransen. Processen fungerade överlag bra.
R0298,2026-05-23,Ny kund,25–34,Lokalt område,Webbformulär,Fakturering eller betalning,Fakturering och betalning,28,9.6,Nej,Nej,,3,4,5,5,62.37,Nej,"Jag behövde fråga om en extra avgift, men förklaringen var rimlig."
R0299,2026-01-31,Ny kund,25–34,Annan del av regionen,Telefon,Produkt- eller tjänsteinformation,Kundinformation,14,1.7,Ja,Ja,,4,4,10,10,347.71,Nej,"Jag känner mig inte särskilt bekväm med digitala tjänster, men den äldre damen fick processen att kännas enkel."
R0300,2026-06-04,Ny kund,65+,Annan del av regionen,Telefon,Retur eller avbokning,Kundinformation,8,2.3,Ja,Nej,,4,5,9,8,298.64,Nej,Jag fick exakt den information jag behövde och behövde inte kontakta företaget igen.
R0301,2026-03-02,Återkommande kund,35–44,Lokalt område,E-post,Klagomål eller uppföljning,Fakturering och betalning,3,1.5,Ja,Nej,5,3,4,8,8,45.54,Nej,
R0302,2026-02-09,Återkommande kund,18–24,Annan del av regionen,E-post,Installation eller konfigurering,Teknisk support,14,15.9,Nej,Ja,2,4,3,3,5,143.72,Ja,Teknikerns svar var väldigt kort och jag visste fortfarande inte vad jag skulle göra.
R0303,2026-02-08,Ny kund,55–64,Lokalt område,Webbformulär,Teknisk support,Teknisk support,30,25.4,Nej,Ja,,4,3,4,3,518.65,Ja,Det kändes som om jag störde teknikern när jag ställde en följdfråga.
R0304,2026-03-27,Ny kund,18–24,Lokalt område,E-post,Klagomål eller uppföljning,Teknisk support,17,2.8,Ja,Ja,5,3,2,5,5,164.29,Ja,Svaret lät otåligt och jag var tvungen att kontakta företaget igen innan problemet blev löst.
R0305,2026-05-04,Återkommande kund,55–64,Lokalt område,Chatt,Köp eller bokning,Kundinformation,4,0.8,Ja,Ja,,4,4,9,9,285.38,Nej,Mycket hjälpsam kundinformation. Min fråga löstes vid den första kontakten.
R0306,2026-04-20,Återkommande kund,35–44,Lokalt område,Telefon,Fakturering eller betalning,Fakturering och betalning,12,3.7,Ja,Nej,,4,5,6,5,27.8,Nej,"Betalningsprocessen fungerade, men jag skulle önska ett snabbare svar på e-post."
R0307,2026-06-18,Återkommande kund,55–64,Lokalt område,E-post,Fakturering eller betalning,Fakturering och betalning,15,2.8,Ja,Ja,4,4,3,8,8,86.33,Nej,Faktureringsinformationen var ganska lätt att hitta och den sista frågan besvarades via e-post.
R0308,2026-04-25,Ny kund,65+,Annan del av regionen,Telefon,Köp eller bokning,Order och leverans,19,8.4,Nej,Nej,,2,3,7,6,144.27,Ja,"Sidorna om returer och leveranser var svåra att navigera, så jag kontaktade kundservicen i stället."
R0309,2026-02-11,Återkommande kund,55–64,Lokalt område,Chatt,Installation eller konfigurering,Teknisk support,27,5.7,Nej,Ja,,4,2,5,4,12.55,Nej,Det kändes som om jag störde teknikern när jag ställde en följdfråga.
R0310,2026-02-08,Ny kund,55–64,Lokalt område,E-post,Klagomål eller uppföljning,Order och leverans,25,2.7,Ja,Ja,4,2,4,8,10,90.27,Nej,Jag behövde hjälp med en retur och personalen förklarade tydligt vad nästa steg var.
R0311,2026-03-20,Företagskund,18–24,Annan del av regionen,Telefon,Produkt- eller tjänsteinformation,Kundinformation,1,0.8,Ja,Nej,,4,5,9,9,281.63,Nej,Den äldre damen som hjälpte mig var otroligt tålmodig och förklarade varje steg tydligt.
R0312,2026-04-23,Ny kund,55–64,Lokalt område,På plats,Klagomål eller uppföljning,Order och leverans,24,7.6,Nej,Nej,,2,4,6,7,44.33,Ja,När jag väl fick kontakt med någon var svaret tydligt. Den här informationen borde finnas på webbplatsen utan att man behöver kontakta företaget.
R0313,2026-05-03,Återkommande kund,55–64,Annanstans i Finland,På plats,Produkt- eller tjänsteinformation,Kundinformation,16,0.3,Ja,Nej,,4,5,7,7,64.64,Nej,Jag fick exakt den information jag behövde och behövde inte kontakta företaget igen.
R0314,2026-02-20,Ny kund,18–24,Lokalt område,Webbformulär,Teknisk support,Teknisk support,26,3.1,Ja,Ja,,4,2,6,5,28.15,Nej,Det kändes som om jag störde teknikern när jag ställde en följdfråga.
R0315,2026-05-26,Återkommande kund,55–64,Annan del av regionen,E-post,Leverans- eller orderstatus,Order och leverans,2,9.3,Nej,Nej,4,2,4,5,7,34.7,Ja,
R0316,2026-04-29,Ny kund,45–54,Annanstans i Finland,Telefon,Installation eller konfigurering,Teknisk support,31,3,Ja,Ja,,4,3,6,5,515.31,Nej,"De tekniska instruktionerna var begripliga, även om det tog en stund att lösa problemet."
R0317,2026-04-06,Ny kund,55–64,Lokalt område,E-post,Installation eller konfigurering,Teknisk support,1,9.5,Nej,Ja,2,4,3,6,5,73.16,Ja,Teknikerns svar var väldigt kort och jag visste fortfarande inte vad jag skulle göra.
R0318,2026-05-31,Återkommande kund,25–34,Annan del av regionen,Webbformulär,Teknisk support,Teknisk support,24,2.7,Ja,Ja,,4,2,6,6,109.81,Nej,Teknikerns svar var väldigt kort och jag visste fortfarande inte vad jag skulle göra.
R0319,2026-04-30,Företagskund,25–34,Lokalt område,Chatt,Köp eller bokning,Kundinformation,10,0.6,Ja,Nej,,3,5,9,10,273.93,Nej,Jag fick exakt den information jag behövde och behövde inte kontakta företaget igen.
R0320,2026-04-30,Återkommande kund,35–44,Annan del av regionen,E-post,Leverans- eller orderstatus,Order och leverans,18,0.6,Ja,Nej,4,2,5,7,8,239.29,Nej,
R0321,2026-05-06,Återkommande kund,65+,Annanstans i Finland,E-post,Klagomål eller uppföljning,Fakturering och betalning,22,5.8,Nej,Nej,3,4,4,7,9,60,Ja,"Jag behövde fråga om en extra avgift, men förklaringen var rimlig."
R0322,2026-05-14,Ny kund,25–34,Lokalt område,Chatt,Köp eller bokning,Kundinformation,2,0.8,Ja,Ja,,4,5,10,7,106.71,Nej,Jag hade flera frågor och den äldre damen besvarade allihop utan att få mig att känna mig stressad.
R0323,2026-05-02,Ny kund,45–54,Annan del av regionen,Telefon,Fakturering eller betalning,Fakturering och betalning,19,11.2,Nej,Ja,,4,4,7,6,15.47,Nej,Min fråga om fakturan besvarades tydligt och jag förstod avgiften.
R0324,2026-03-03,Återkommande kund,65+,Annanstans i Finland,Chatt,Köp eller bokning,Order och leverans,2,4.1,Ja,Nej,,2,4,7,8,305.58,Nej,Jag hittade inte var jag kunde kontrollera orderstatusen. Personalen var hjälpsam när jag till slut kontaktade företaget.
R0325,2026-06-01,Ny kund,65+,Annan del av regionen,På plats,Retur eller avbokning,Kundinformation,1,10,Nej,Ja,,4,5,9,9,83.98,Ja,
R0326,2026-02-10,Återkommande kund,25–34,Annanstans i Finland,E-post,Teknisk support,Teknisk support,39,2.1,Ja,Nej,3,4,4,5,4,53.12,Nej,"Jag fick snabbt ett svar, men det löste egentligen inte problemet."
R0327,2026-06-09,Återkommande kund,45–54,Annanstans i Finland,Chatt,Klagomål eller uppföljning,Order och leverans,14,6.4,Nej,Ja,,2,5,7,9,200.7,Ja,Kundservicen besvarade min fråga om leveransen. Processen fungerade överlag bra.
R0328,2026-01-13,Återkommande kund,25–34,Annan del av regionen,Chatt,Teknisk support,Teknisk support,8,18.6,Nej,Nej,,3,2,4,3,74.11,Ja,Teknikern gav mig ett svar på en enda rad och avslutade samtalet innan jag hade förstått hur problemet skulle lösas.
R0329,2026-03-05,Återkommande kund,35–44,Lokalt område,Webbformulär,Leverans- eller orderstatus,Order och leverans,2,11.8,Nej,Nej,,2,4,6,7,208.42,Nej,
R0330,2026-03-27,Återkommande kund,45–54,Lokalt område,Webbformulär,Leverans- eller orderstatus,Order och leverans,24,4.7,Ja,Nej,,2,4,5,6,120.3,Nej,Leveransinformationen på webbplatsen var otydlig. Kundservicen svarade genast när jag frågade.
R0331,2026-03-20,Företagskund,55–64,Annanstans i Finland,Chatt,Retur eller avbokning,Order och leverans,19,2.9,Ja,Nej,,2,3,8,7,67.98,Nej,När jag väl fick kontakt med någon var svaret tydligt. Den här informationen borde finnas på webbplatsen utan att man behöver kontakta företaget.
R0332,2026-05-23,Ny kund,25–34,Lokalt område,Chatt,Fakturering eller betalning,Fakturering och betalning,4,7.2,Nej,Ja,,4,4,8,7,34.95,Nej,Min fråga om fakturan besvarades tydligt och jag förstod avgiften.
R0333,2026-06-11,Företagskund,35–44,Lokalt område,Webbformulär,Klagomål eller uppföljning,Order och leverans,1,1.1,Ja,Nej,,2,5,9,7,168.64,Nej,Jag hade en enkel fråga om min beställning som egentligen borde ha besvarats på webbplatsen.
R0334,2026-03-08,Återkommande kund,55–64,Lokalt område,Telefon,Retur eller avbokning,Order och leverans,24,3.3,Ja,Nej,,1,5,8,7,56.84,Nej,Jag hittade spårningssidan och kontaktade företaget bara för att bekräfta en detalj.
R0335,2026-02-15,Återkommande kund,18–24,Annanstans i Finland,Telefon,Fakturering eller betalning,Fakturering och betalning,13,1.4,Ja,Nej,,4,4,8,8,219.16,Nej,Jag fick ett tydligt svar på min fråga om faktureringen.
R0336,2026-04-27,Återkommande kund,55–64,Lokalt område,Chatt,Leverans- eller orderstatus,Order och leverans,19,3.2,Ja,Nej,,2,4,7,5,17.27,Ja,Leveransinformationen på webbplatsen var otydlig. Kundservicen svarade genast när jag frågade.
R0337,2026-03-25,Ny kund,65+,Lokalt område,På plats,Produkt- eller tjänsteinformation,Kundinformation,6,1.2,Ja,Ja,,4,4,9,7,371.84,Nej,Den äldre damen som hjälpte mig var otroligt tålmodig och förklarade varje steg tydligt.
R0338,2026-01-05,Ny kund,65+,Lokalt område,Telefon,Retur eller avbokning,Order och leverans,13,1,Ja,Nej,,2,5,6,7,34.65,Nej,När jag väl fick kontakt med någon var svaret tydligt. Den här informationen borde finnas på webbplatsen utan att man behöver kontakta företaget.
R0339,2026-06-15,Återkommande kund,35–44,Annan del av regionen,Telefon,Teknisk support,Teknisk support,50,7.1,Nej,Nej,,4,2,4,4,312.67,Ja,Svaret lät otåligt och jag var tvungen att kontakta företaget igen innan problemet blev löst.
R0340,2026-05-07,Återkommande kund,35–44,Annan del av regionen,På plats,Köp eller bokning,Kundinformation,17,0.6,Ja,Ja,,4,5,8,8,97.83,Nej,Den äldre kvinnan som svarade i telefon var ovanligt vänlig och förklarade bokningsprocessen i lugn takt.
R0341,2026-02-24,Företagskund,55–64,Lokalt område,Telefon,Köp eller bokning,Kundinformation,100,3.1,Nej,Ja,,5,5,8,7,358.27,Ja,"Kvinnan som hjälpte mig tog extra tid för att förklara alternativen, och det uppskattade jag verkligen."
R0342,2026-01-11,Återkommande kund,65+,Lokalt område,På plats,Leverans- eller orderstatus,Order och leverans,6,1,Ja,Nej,,2,5,7,5,115.68,Nej,Jag kontaktade företaget endast eftersom jag inte kunde se på webben när min beställning skulle komma.
R0343,2026-06-23,Ny kund,65+,Annanstans i Finland,På plats,Fakturering eller betalning,Fakturering och betalning,15,1.3,Ja,Ja,,4,5,9,7,146.1,Nej,"Jag behövde fråga om en extra avgift, men förklaringen var rimlig."
R0344,2026-06-17,Återkommande kund,25–34,Lokalt område,Telefon,Fakturering eller betalning,Fakturering och betalning,14,2.3,Ja,Nej,,3,4,8,6,83.43,Nej,"Jag behövde fråga om en extra avgift, men förklaringen var rimlig."
R0345,2026-02-06,Företagskund,45–54,Annanstans i Finland,Webbformulär,Leverans- eller orderstatus,Order och leverans,28,0.9,Ja,Ja,,2,5,8,5,101.41,Nej,Jag behövde hjälp med en retur och personalen förklarade tydligt vad nästa steg var.
R0346,2026-06-30,Företagskund,35–44,Lokalt område,Telefon,Fakturering eller betalning,Fakturering och betalning,13,1,Ja,Ja,,5,4,10,9,581.51,Nej,Betalningsproblemet löstes vid den första kontakten.
R0347,2026-06-07,Ny kund,18–24,Lokalt område,Telefon,Fakturering eller betalning,Fakturering och betalning,16,2.3,Ja,Ja,,4,5,10,7,227.07,Nej,Min fråga om fakturan besvarades tydligt och jag förstod avgiften.
R0348,2026-03-02,Återkommande kund,65+,Lokalt område,Telefon,Fakturering eller betalning,Fakturering och betalning,34,1.3,Ja,Ja,,5,5,9,8,326.43,Nej,
R0349,2026-03-21,Ny kund,35–44,Annan del av regionen,På plats,Köp eller bokning,Order och leverans,17,5.2,Nej,Ja,,3,4,6,7,376.42,Ja,Jag behövde hjälp med en retur och personalen förklarade tydligt vad nästa steg var.
R0350,2026-01-13,Företagskund,45–54,Lokalt område,Webbformulär,Köp eller bokning,Fakturering och betalning,32,2.6,Ja,Ja,,4,5,9,7,188.71,Nej,Min fråga om fakturan besvarades tydligt och jag förstod avgiften.
R0351,2026-04-06,Ny kund,25–34,Lokalt område,På plats,Köp eller bokning,Kundinformation,25,0.8,Ja,Nej,,4,4,8,10,175.09,Nej,"Kvinnan som hjälpte mig tog extra tid för att förklara alternativen, och det uppskattade jag verkligen."
R0352,2026-02-23,Ny kund,35–44,Lokalt område,Chatt,Köp eller bokning,Order och leverans,24,15.4,Nej,Ja,,3,5,8,7,311.7,Ja,Jag behövde hjälp med en retur och personalen förklarade tydligt vad nästa steg var.
R0353,2026-03-05,Ny kund,18–24,Lokalt område,Chatt,Leverans- eller orderstatus,Order och leverans,15,5,Nej,Nej,,2,4,6,6,43.19,Ja,Jag kontaktade företaget endast eftersom jag inte kunde se på webben när min beställning skulle komma.
R0354,2026-04-05,Ny kund,25–34,Lokalt område,Webbformulär,Installation eller konfigurering,Teknisk support,25,11,Nej,Ja,,3,4,6,4,285.29,Ja,Svaret lät otåligt och jag var tvungen att kontakta företaget igen innan problemet blev löst.
R0355,2026-01-26,Ny kund,55–64,Lokalt område,E-post,Köp eller bokning,Fakturering och betalning,7,3.6,Ja,Ja,3,3,5,10,8,352.37,Nej,Jag fick ett tydligt svar på min fråga om faktureringen.
R0356,2026-01-10,Återkommande kund,35–44,Lokalt område,Chatt,Teknisk support,Teknisk support,12,1.4,Ja,Ja,,4,3,7,5,129.37,Ja,"De tekniska instruktionerna var begripliga, även om det tog en stund att lösa problemet."
R0357,2026-06-20,Ny kund,55–64,Lokalt område,På plats,Leverans- eller orderstatus,Order och leverans,8,1.4,Ja,Nej,,2,4,8,5,51.69,Nej,Jag kontaktade företaget endast eftersom jag inte kunde se på webben när min beställning skulle komma.
R0358,2026-06-10,Återkommande kund,45–54,Annanstans i Finland,Chatt,Fakturering eller betalning,Fakturering och betalning,20,0.5,Ja,Ja,,4,5,8,8,97.16,Nej,Betalningsproblemet löstes vid den första kontakten.
R0359,2026-06-01,Återkommande kund,18–24,Lokalt område,Telefon,Installation eller konfigurering,Teknisk support,13,32.1,Nej,Ja,,4,3,4,6,146.7,Ja,"Jag blev ombedd att läsa instruktionerna, men de gav inget svar på min fråga."
R0360,2026-06-07,Återkommande kund,25–34,Annan del av regionen,Webbformulär,Fakturering eller betalning,Fakturering och betalning,22,2.1,Ja,Ja,,5,4,8,7,90.28,Nej,"Betalningsprocessen fungerade, men jag skulle önska ett snabbare svar på e-post."
