ResponseID,Date,CustomerType,AgeGroup,Region,Channel,ContactReason,Department,WaitingTimeMinutes,ResolutionTimeHours,SolvedFirstContact,InformationEasyToFind,EmailResponseSpeedRating,WebsiteNavigationRating,StaffHelpfulnessRating,OverallSatisfaction,WouldRecommend,PurchaseOrServiceValueEUR,FollowUpNeeded,CustomerComment
R0001,2026-03-02,New customer,65+,Other part of region,Web form,Complaint or follow-up,Billing & Payments,16,1.3,Yes,No,,4,5,8,7,37.41,No,I needed one follow-up about the invoice before everything was clear.
R0002,2026-02-20,New customer,35–44,Local area,Chat,Delivery or order status,Orders & Delivery,29,6.3,No,No,,1,4,6,6,119.97,No,"The employee was helpful, but I should have been able to find the delivery status on the website."
R0003,2026-02-22,New customer,35–44,Local area,Web form,Technical support,Technical Support,43,4.3,No,Yes,,4,3,5,2,31.06,No,"I was told to check the instructions, but the instructions did not answer my question."
R0004,2026-05-11,New customer,25–34,Other part of region,Phone,Delivery or order status,Orders & Delivery,18,2.9,Yes,No,,2,3,7,6,58.87,No,"Once I reached someone, the answer was clear. The website should show this information without a separate contact."
R0005,2026-03-15,Returning customer,25–34,Local area,Email,Product or service information,Customer Information,4,0.6,Yes,Yes,4,4,4,9,9,32.66,No,I found most of the information myself and customer service confirmed the last detail.
R0006,2026-03-13,New customer,45–54,Elsewhere in Finland,Phone,Purchase or booking,Customer Information,97,0.4,Yes,Yes,,3,5,8,10,67.33,No,Very helpful customer information. My question was solved during the first contact.
R0007,2026-01-27,New customer,35–44,Elsewhere in Finland,Phone,Installation or setup,Technical Support,1,3.6,No,No,,3,3,3,3,35.98,Yes,The technician gave me a one-line answer and closed the conversation before I had understood the fix.
R0008,2026-05-13,New customer,55–64,Local area,Email,Return or cancellation,Orders & Delivery,26,0.9,Yes,No,4,2,3,7,5,160.63,No,The delivery information on the website was unclear. Customer service answered immediately once I asked.
R0009,2026-06-25,Returning customer,55–64,Other part of region,Phone,Complaint or follow-up,Billing & Payments,10,3.0,Yes,Yes,,5,3,8,7,53.16,No,The invoice question was answered clearly and I understood the charge.
R0010,2026-03-22,Returning customer,55–64,Local area,Email,Return or cancellation,Billing & Payments,11,2.4,Yes,Yes,4,3,3,10,9,146.48,No,The invoice question was answered clearly and I understood the charge.
R0011,2026-06-05,Returning customer,65+,Local area,Chat,Billing or payment,Billing & Payments,16,3.1,Yes,Yes,,4,4,8,7,59.29,No,I needed one follow-up about the invoice before everything was clear.
R0012,2026-05-14,New customer,45–54,Local area,Email,Purchase or booking,Customer Information,16,0.4,Yes,No,3,5,5,9,8,76.2,No,"I am not very comfortable with online services, but the older lady made the process feel easy."
R0013,2026-03-29,Business customer,45–54,Local area,In person,Complaint or follow-up,Technical Support,36,13.5,No,Yes,,5,3,5,3,1000.85,Yes,"I was told to check the instructions, but the instructions did not answer my question."
R0014,2026-02-06,New customer,45–54,Local area,Web form,Delivery or order status,Orders & Delivery,17,2.5,Yes,No,,2,5,8,8,122.98,No,Nothing was wrong with the staff. The problem was that the website did not tell me what I needed to know.
R0015,2026-01-12,Returning customer,35–44,Elsewhere in Finland,Web form,Complaint or follow-up,Technical Support,13,17.0,No,No,,3,3,4,3,82.02,Yes,The reply sounded impatient and I had to contact the company again before the problem was solved.
R0016,2026-06-28,New customer,45–54,Other part of region,Chat,Installation or setup,Technical Support,48,10.1,No,Yes,,4,4,3,3,70.15,Yes,I felt as if I was bothering the technician when I asked a follow-up question.
R0017,2026-03-16,Business customer,25–34,Local area,Phone,Delivery or order status,Orders & Delivery,3,0.5,Yes,Yes,,2,4,8,8,136.94,No,I needed help with a return and the employee explained the next step clearly.
R0018,2026-06-09,Returning customer,18–24,Elsewhere in Finland,Chat,Product or service information,Customer Information,4,1.8,Yes,Yes,,4,5,10,9,173.41,No,I got exactly the information I needed and did not have to contact the company again.
R0019,2026-03-07,Returning customer,35–44,Other part of region,Phone,Technical support,Technical Support,33,16.5,No,Yes,,4,3,5,5,22.25,Yes,The technician gave me a one-line answer and closed the conversation before I had understood the fix.
R0020,2026-01-31,New customer,25–34,Local area,Phone,Product or service information,Customer Information,10,5.2,No,Yes,,5,5,9,10,58.68,No,The woman who helped me took extra time to explain the options and I really appreciated it.
R0021,2026-06-24,New customer,25–34,Local area,In person,Product or service information,Customer Information,23,0.6,Yes,No,,3,5,10,8,46.38,No,
R0022,2026-02-17,Returning customer,25–34,Local area,Phone,Delivery or order status,Orders & Delivery,17,2.5,Yes,No,,2,4,9,7,88.66,No,"I searched the website for tracking information and could not find it, so I had to use the web form."
R0023,2026-05-23,New customer,35–44,Local area,Email,Purchase or booking,Customer Information,19,1.1,Yes,Yes,4,4,5,10,10,175.85,No,Excellent service from the older lady. She listened carefully and solved everything in one conversation.
R0024,2026-03-03,New customer,35–44,Other part of region,Phone,Billing or payment,Billing & Payments,10,3.9,Yes,No,,3,4,8,7,90.15,No,The billing information was easy enough to find and the final question was answered by email.
R0025,2026-06-23,Returning customer,18–24,Local area,Web form,Billing or payment,Billing & Payments,17,2.4,Yes,No,,3,5,7,7,72.22,No,The billing information was easy enough to find and the final question was answered by email.
R0026,2026-05-23,New customer,55–64,Other part of region,Email,Technical support,Technical Support,24,10.3,No,No,3,3,3,4,4,184.38,Yes,I felt as if I was bothering the technician when I asked a follow-up question.
R0027,2026-02-21,New customer,25–34,Local area,Email,Product or service information,Customer Information,12,0.9,Yes,Yes,4,4,5,10,8,257.75,No,The employee listened carefully and gave me a clear answer.
R0028,2026-03-07,Returning customer,55–64,Local area,Web form,Complaint or follow-up,Orders & Delivery,6,1.8,Yes,No,,2,4,8,7,42.24,Yes,
R0029,2026-02-26,Returning customer,18–24,Local area,Phone,Installation or setup,Technical Support,25,4.5,Yes,No,,3,2,6,6,312.75,No,The reply sounded impatient and I had to contact the company again before the problem was solved.
R0030,2026-02-22,New customer,55–64,Other part of region,Phone,Product or service information,Customer Information,18,2.5,Yes,Yes,,4,4,8,8,29.42,No,"I am not very comfortable with online services, but the older lady made the process feel easy."
R0031,2026-06-08,Returning customer,25–34,Other part of region,In person,Purchase or booking,Billing & Payments,32,8.2,No,Yes,,3,4,6,7,56.0,Yes,"The employee was friendly, although the invoice layout could be clearer."
R0032,2026-03-21,Returning customer,55–64,Other part of region,Chat,Complaint or follow-up,Orders & Delivery,2,1.6,Yes,No,,2,5,8,7,378.63,No,"The return and delivery pages were hard to navigate, so I contacted customer service instead."
R0033,2026-04-20,Business customer,25–34,Elsewhere in Finland,In person,Product or service information,Customer Information,16,8.8,No,Yes,,5,5,10,10,100.66,No,"I was nervous about the online form, but the older lady talked me through it step by step."
R0034,2026-01-29,New customer,55–64,Elsewhere in Finland,Chat,Installation or setup,Technical Support,73,2.3,Yes,Yes,,4,3,7,8,78.71,No,"The technical problem was real, but the response felt dismissive rather than helpful."
R0035,2026-02-25,Business customer,45–54,Local area,Chat,Product or service information,Customer Information,12,5.4,No,No,,5,3,8,8,300.81,Yes,The older lady was probably the most helpful person I have spoken to at the company.
R0036,2026-05-26,New customer,65+,Elsewhere in Finland,Phone,Technical support,Technical Support,32,6.6,No,Yes,,5,2,4,3,232.57,No,The technician's answer was very short and I still did not know what to do.
R0037,2026-05-02,Business customer,25–34,Local area,Chat,Product or service information,Customer Information,4,0.9,Yes,Yes,,4,4,9,10,111.83,No,The employee listened carefully and gave me a clear answer.
R0038,2026-02-15,Returning customer,25–34,Local area,In person,Purchase or booking,Customer Information,17,0.6,Yes,No,,4,4,9,7,239.73,No,The older lady was probably the most helpful person I have spoken to at the company.
R0039,2026-02-15,New customer,45–54,Local area,Chat,Complaint or follow-up,Customer Information,1,1.7,Yes,Yes,,4,4,9,8,89.83,No,The older woman at customer information did not rush me and made sure I knew what to do next.
R0040,2026-06-06,New customer,18–24,Local area,Web form,Purchase or booking,Orders & Delivery,15,2.4,Yes,No,,2,4,7,7,55.26,Yes,My order question was solved quickly and the employee was helpful.
R0041,2026-03-26,New customer,25–34,Other part of region,Email,Billing or payment,Billing & Payments,4,1.6,Yes,No,3,4,5,10,6,34.63,No,I needed one follow-up about the invoice before everything was clear.
R0042,2026-03-12,Returning customer,65+,Other part of region,Web form,Purchase or booking,Orders & Delivery,35,1.3,Yes,No,,2,5,8,7,25.33,No,The website sent me in circles when I looked for delivery information. The actual service person was good.
R0043,2026-06-14,Business customer,25–34,Local area,Phone,Return or cancellation,Customer Information,9,0.8,Yes,Yes,,4,5,10,10,211.22,No,"The older lady at the desk was warm, patient and very clear. I left knowing exactly what to do."
R0044,2026-03-21,New customer,25–34,Local area,Email,Complaint or follow-up,Billing & Payments,16,2.2,Yes,Yes,5,5,4,7,6,11.69,No,I needed one follow-up about the invoice before everything was clear.
R0045,2026-01-31,New customer,45–54,Local area,Phone,Delivery or order status,Orders & Delivery,13,9.1,No,No,,1,4,4,5,117.22,No,The website sent me in circles when I looked for delivery information. The actual service person was good.
R0046,2026-01-17,New customer,18–24,Other part of region,Email,Technical support,Technical Support,41,11.8,No,Yes,4,4,2,6,5,224.61,Yes,"The technical instructions were understandable, although the resolution took a while."
R0047,2026-05-16,Returning customer,45–54,Elsewhere in Finland,Chat,Billing or payment,Billing & Payments,1,1.3,Yes,Yes,,3,4,9,9,115.05,No,I needed one follow-up about the invoice before everything was clear.
R0048,2026-01-07,Returning customer,55–64,Local area,Chat,Technical support,Technical Support,1,11.1,No,No,,4,3,2,4,205.45,No,
R0049,2026-06-06,Returning customer,45–54,Local area,Chat,Technical support,Technical Support,32,12.3,No,Yes,,4,2,5,6,258.57,Yes,"I received an answer quickly, but it did not actually solve the problem."
R0050,2026-06-02,Returning customer,25–34,Local area,Email,Technical support,Technical Support,23,1.7,Yes,No,3,3,3,5,3,89.19,No,"The technical instructions were understandable, although the resolution took a while."
R0051,2026-03-11,Returning customer,55–64,Other part of region,Chat,Delivery or order status,Orders & Delivery,37,1.0,Yes,No,,3,3,9,8,23.31,No,I had a simple question about my order that really should have been answered on the website.
R0052,2026-05-07,Business customer,55–64,Other part of region,Email,Billing or payment,Billing & Payments,22,0.9,Yes,No,4,3,4,6,5,138.98,No,The invoice question was answered clearly and I understood the charge.
R0053,2026-06-28,New customer,35–44,Local area,Phone,Billing or payment,Billing & Payments,23,3.0,Yes,No,,4,5,10,8,57.7,No,The invoice question was answered clearly and I understood the charge.
R0054,2026-02-26,Business customer,35–44,Other part of region,Phone,Complaint or follow-up,Technical Support,24,13.7,No,No,,5,2,5,5,101.53,Yes,I had to explain the same technical issue twice before I got a useful answer.
R0055,2026-06-11,Business customer,45–54,Local area,Phone,Technical support,Technical Support,1,2.0,Yes,Yes,,4,2,5,6,142.39,No,
R0056,2026-03-05,Business customer,35–44,Local area,Email,Billing or payment,Billing & Payments,5,3.6,Yes,Yes,3,4,4,9,9,354.16,No,"I had to ask about an additional fee, but the explanation was reasonable."
R0057,2026-03-22,Business customer,55–64,Local area,Phone,Billing or payment,Billing & Payments,14,4.6,Yes,No,,4,4,7,7,109.31,No,The billing information was easy enough to find and the final question was answered by email.
R0058,2026-02-21,New customer,25–34,Local area,Phone,Technical support,Technical Support,4,9.4,No,Yes,,4,3,4,5,26.2,Yes,The issue was more complicated than expected and took several steps to resolve.
R0059,2026-06-02,Returning customer,25–34,Other part of region,Web form,Delivery or order status,Orders & Delivery,33,2.2,Yes,No,,2,4,6,7,19.5,No,
R0060,2026-03-02,Returning customer,25–34,Local area,Email,Billing or payment,Billing & Payments,21,4.3,Yes,Yes,3,4,4,8,8,16.75,No,I needed one follow-up about the invoice before everything was clear.
R0061,2026-04-04,New customer,45–54,Local area,Email,Billing or payment,Billing & Payments,29,1.2,Yes,Yes,4,4,3,7,7,23.47,No,I needed one follow-up about the invoice before everything was clear.
R0062,2026-05-16,New customer,35–44,Other part of region,Chat,Installation or setup,Technical Support,25,2.6,Yes,Yes,,4,3,5,6,147.02,No,"The technical instructions were understandable, although the resolution took a while."
R0063,2026-06-26,Business customer,35–44,Local area,Web form,Delivery or order status,Orders & Delivery,14,1.5,Yes,Yes,,1,4,9,9,108.0,No,"The order arrived as promised, but I would like clearer updates during delivery."
R0064,2026-06-01,Business customer,55–64,Local area,Email,Purchase or booking,Billing & Payments,35,1.6,Yes,Yes,3,4,5,9,6,179.06,No,"The employee was friendly, although the invoice layout could be clearer."
R0065,2026-03-19,Returning customer,45–54,Other part of region,Web form,Technical support,Technical Support,44,11.4,No,No,,4,2,4,6,44.42,Yes,The technician's answer was very short and I still did not know what to do.
R0066,2026-06-26,New customer,35–44,Local area,Web form,Complaint or follow-up,Orders & Delivery,8,1.7,Yes,No,,2,5,9,7,54.03,No,"The order arrived as promised, but I would like clearer updates during delivery."
R0067,2026-03-25,Returning customer,55–64,Local area,Web form,Purchase or booking,Customer Information,5,0.7,Yes,Yes,,4,4,10,9,32.86,No,The employee listened carefully and gave me a clear answer.
R0068,2026-02-26,New customer,18–24,Local area,In person,Purchase or booking,Customer Information,9,1.0,Yes,Yes,,5,5,10,8,156.2,No,"I am not very comfortable with online services, but the older lady made the process feel easy."
R0069,2026-06-03,New customer,45–54,Local area,Chat,Technical support,Technical Support,31,22.2,No,Yes,,5,3,3,3,170.28,Yes,
R0070,2026-01-14,New customer,65+,Elsewhere in Finland,Chat,Technical support,Technical Support,30,9.5,No,No,,4,3,4,5,106.72,Yes,The problem seems fixed now. I would have appreciated a little more explanation.
R0071,2026-01-21,Returning customer,35–44,Local area,Chat,Delivery or order status,Orders & Delivery,30,1.6,Yes,No,,2,5,8,6,74.98,No,
R0072,2026-05-12,Returning customer,25–34,Local area,Email,Delivery or order status,Orders & Delivery,21,4.6,Yes,No,4,2,3,7,6,127.1,No,
R0073,2026-03-22,New customer,25–34,Elsewhere in Finland,Phone,Product or service information,Customer Information,13,0.7,Yes,Yes,,3,4,9,7,586.45,No,The older woman at customer information did not rush me and made sure I knew what to do next.
R0074,2026-05-22,New customer,45–54,Local area,Email,Complaint or follow-up,Technical Support,14,3.2,Yes,Yes,3,5,2,7,7,49.03,No,"I received an answer quickly, but it did not actually solve the problem."
R0075,2026-03-11,Business customer,45–54,Other part of region,In person,Purchase or booking,Customer Information,11,6.2,No,Yes,,4,4,7,9,98.98,Yes,My question was answered. The process was fine overall.
R0076,2026-04-30,New customer,35–44,Local area,Phone,Product or service information,Customer Information,1,1.8,Yes,Yes,,5,5,10,10,166.1,No,Friendly service and a clear explanation of what I needed to do next.
R0077,2026-03-01,New customer,35–44,Other part of region,In person,Complaint or follow-up,Customer Information,3,1.9,Yes,No,,4,5,8,9,193.67,No,"The older lady at the desk was warm, patient and very clear. I left knowing exactly what to do."
R0078,2026-01-08,Business customer,18–24,Local area,Email,Delivery or order status,Orders & Delivery,20,1.8,Yes,No,3,2,5,7,8,32.46,No,"Once I reached someone, the answer was clear. The website should show this information without a separate contact."
R0079,2026-06-03,Returning customer,25–34,Elsewhere in Finland,In person,Complaint or follow-up,Billing & Payments,33,4.6,No,Yes,,5,5,7,9,315.65,No,
R0080,2026-02-11,Returning customer,18–24,Local area,In person,Purchase or booking,Customer Information,1,0.8,Yes,Yes,,4,4,10,10,202.37,No,Friendly service and a clear explanation of what I needed to do next.
R0081,2026-01-17,Returning customer,65+,Other part of region,Chat,Complaint or follow-up,Technical Support,23,1.5,Yes,No,,4,2,5,6,121.51,No,The technician's answer was very short and I still did not know what to do.
R0082,2026-04-09,Returning customer,45–54,Local area,Chat,Delivery or order status,Orders & Delivery,12,1.9,Yes,No,,2,3,7,7,26.72,No,"Once I reached someone, the answer was clear. The website should show this information without a separate contact."
R0083,2026-02-25,Returning customer,35–44,Elsewhere in Finland,Web form,Product or service information,Customer Information,11,0.6,Yes,Yes,,4,4,9,8,200.44,No,Excellent service from the older lady. She listened carefully and solved everything in one conversation.
R0084,2026-02-27,Returning customer,18–24,Other part of region,Web form,Delivery or order status,Orders & Delivery,14,1.4,Yes,No,,2,4,7,7,80.93,No,
R0085,2026-02-03,Returning customer,65+,Other part of region,Phone,Complaint or follow-up,Customer Information,5,1.6,Yes,Yes,,5,5,10,8,27.23,No,Friendly service and a clear explanation of what I needed to do next.
R0086,2026-04-22,Returning customer,25–34,Elsewhere in Finland,Web form,Purchase or booking,Billing & Payments,10,1.7,Yes,No,,5,4,8,8,131.21,No,The invoice question was answered clearly and I understood the charge.
R0087,2026-02-20,New customer,45–54,Elsewhere in Finland,Web form,Delivery or order status,Orders & Delivery,7,2.6,Yes,No,,1,5,9,9,62.42,No,I only contacted the company because I could not see when my order would arrive online.
R0088,2026-02-05,New customer,45–54,Other part of region,Phone,Return or cancellation,Customer Information,9,0.8,Yes,Yes,,5,4,10,8,60.8,No,The woman who helped me took extra time to explain the options and I really appreciated it.
R0089,2026-02-03,Returning customer,45–54,Local area,Web form,Product or service information,Customer Information,12,1.0,Yes,Yes,,4,5,10,9,106.76,No,I found most of the information myself and customer service confirmed the last detail.
R0090,2026-04-08,Business customer,35–44,Other part of region,Chat,Delivery or order status,Orders & Delivery,11,1.5,Yes,No,,1,4,7,7,91.76,No,I needed help with a return and the employee explained the next step clearly.
R0091,2026-05-19,Returning customer,18–24,Local area,Chat,Return or cancellation,Orders & Delivery,16,1.2,Yes,No,,2,5,6,7,139.85,No,"I searched the website for tracking information and could not find it, so I had to use the web form."
R0092,2026-04-24,New customer,35–44,Other part of region,Phone,Purchase or booking,Orders & Delivery,36,6.8,No,No,,2,5,7,6,68.69,Yes,I only contacted the company because I could not see when my order would arrive online.
R0093,2026-03-10,New customer,35–44,Other part of region,Chat,Technical support,Technical Support,33,4.3,No,No,,4,3,3,4,94.63,No,The reply sounded impatient and I had to contact the company again before the problem was solved.
R0094,2026-01-12,New customer,25–34,Other part of region,Phone,Billing or payment,Billing & Payments,14,1.1,Yes,No,,5,4,5,6,70.23,No,The payment issue was solved during the first contact.
R0095,2026-04-13,Returning customer,65+,Elsewhere in Finland,Web form,Delivery or order status,Orders & Delivery,13,6.3,No,No,,1,4,5,5,48.23,No,I could not find where to check my order status. The staff member was helpful when I finally contacted the company.
R0096,2026-01-20,Returning customer,55–64,Other part of region,Email,Technical support,Technical Support,24,2.4,Yes,No,3,4,3,6,5,108.63,No,The reply sounded impatient and I had to contact the company again before the problem was solved.
R0097,2026-01-23,New customer,25–34,Elsewhere in Finland,Chat,Delivery or order status,Orders & Delivery,20,2.7,Yes,No,,2,4,8,9,64.75,No,
R0098,2026-05-15,Returning customer,35–44,Other part of region,Web form,Delivery or order status,Orders & Delivery,19,8.1,No,No,,2,4,5,5,131.62,Yes,"Once I reached someone, the answer was clear. The website should show this information without a separate contact."
R0099,2026-02-02,Business customer,55–64,Local area,Chat,Installation or setup,Technical Support,23,11.5,No,No,,3,3,5,5,911.18,Yes,"The first technical reply told me what to try, but not how to do it. I needed another contact."
R0100,2026-05-13,New customer,65+,Local area,Chat,Purchase or booking,Billing & Payments,20,1.6,Yes,Yes,,4,3,8,8,579.69,Yes,The invoice question was answered clearly and I understood the charge.
R0101,2026-01-25,New customer,45–54,Local area,Chat,Purchase or booking,Customer Information,7,5.0,No,Yes,,5,5,9,9,33.43,Yes,
R0102,2026-06-22,Returning customer,25–34,Local area,Chat,Installation or setup,Technical Support,23,10.1,No,Yes,,3,2,4,6,31.55,No,The technician's answer was very short and I still did not know what to do.
R0103,2026-02-14,New customer,25–34,Other part of region,Phone,Product or service information,Customer Information,16,0.8,Yes,Yes,,4,5,8,8,8.94,No,I found most of the information myself and customer service confirmed the last detail.
R0104,2026-01-19,Business customer,55–64,Local area,Email,Purchase or booking,Billing & Payments,12,1.6,Yes,Yes,3,4,5,8,9,436.62,No,I needed one follow-up about the invoice before everything was clear.
R0105,2026-05-28,Returning customer,25–34,Other part of region,Phone,Technical support,Technical Support,36,9.8,No,Yes,,4,3,5,3,65.59,Yes,
R0106,2026-01-28,New customer,35–44,Local area,Phone,Product or service information,Customer Information,20,1.5,Yes,Yes,,4,5,10,9,122.35,No,The woman who helped me took extra time to explain the options and I really appreciated it.
R0107,2026-04-14,Returning customer,25–34,Elsewhere in Finland,Web form,Purchase or booking,Billing & Payments,10,1.9,Yes,No,,4,4,6,7,134.9,No,I needed one follow-up about the invoice before everything was clear.
R0108,2026-01-21,New customer,55–64,Elsewhere in Finland,Chat,Product or service information,Customer Information,19,0.7,Yes,Yes,,5,5,10,10,542.84,No,The woman who helped me took extra time to explain the options and I really appreciated it.
R0109,2026-05-17,Business customer,25–34,Elsewhere in Finland,Phone,Delivery or order status,Orders & Delivery,4,1.3,Yes,No,,2,5,7,5,102.48,No,
R0110,2026-03-09,Returning customer,55–64,Local area,Email,Purchase or booking,Customer Information,4,4.8,No,Yes,4,5,5,9,9,97.64,Yes,The employee listened carefully and gave me a clear answer.
R0111,2026-06-13,Returning customer,35–44,Local area,Web form,Billing or payment,Billing & Payments,8,4.6,No,No,,4,4,5,5,148.3,No,"The employee was friendly, although the invoice layout could be clearer."
R0112,2026-04-08,New customer,65+,Other part of region,Web form,Billing or payment,Billing & Payments,22,8.7,No,Yes,,4,4,6,7,71.73,Yes,The billing information was easy enough to find and the final question was answered by email.
R0113,2026-01-07,Returning customer,18–24,Local area,Chat,Return or cancellation,Orders & Delivery,30,1.0,Yes,Yes,,1,5,8,8,50.44,No,I needed help with a return and the employee explained the next step clearly.
R0114,2026-06-07,Returning customer,45–54,Local area,Email,Complaint or follow-up,Orders & Delivery,12,0.6,Yes,No,5,2,5,8,6,109.83,No,My order question was solved quickly and the employee was helpful.
R0115,2026-06-26,Returning customer,45–54,Local area,Chat,Purchase or booking,Customer Information,3,0.5,Yes,No,,4,5,9,7,61.13,No,My question was answered. The process was fine overall.
R0116,2026-01-14,New customer,65+,Elsewhere in Finland,Web form,Purchase or booking,Orders & Delivery,12,1.3,Yes,No,,2,5,8,7,93.92,No,My order question was solved quickly and the employee was helpful.
R0117,2026-06-25,Returning customer,45–54,Local area,Phone,Purchase or booking,Billing & Payments,22,1.0,Yes,Yes,,4,3,8,8,48.92,Yes,"The employee was friendly, although the invoice layout could be clearer."
R0118,2026-06-01,New customer,35–44,Local area,In person,Return or cancellation,Customer Information,13,0.8,Yes,No,,4,4,10,10,57.98,No,"I was nervous about the online form, but the older lady talked me through it step by step."
R0119,2026-03-31,New customer,35–44,Local area,Email,Technical support,Technical Support,22,16.7,No,No,4,4,2,2,3,55.59,Yes,I had to explain the same technical issue twice before I got a useful answer.
R0120,2026-05-29,New customer,55–64,Elsewhere in Finland,Email,Return or cancellation,Billing & Payments,11,3.6,Yes,No,4,3,5,8,7,188.31,No,"The employee was friendly, although the invoice layout could be clearer."
R0121,2026-03-17,New customer,25–34,Elsewhere in Finland,Chat,Return or cancellation,Orders & Delivery,17,5.9,No,No,,2,4,7,7,37.34,Yes,Customer service answered my delivery question. The process was acceptable overall.
R0122,2026-04-29,New customer,18–24,Other part of region,Email,Billing or payment,Billing & Payments,14,1.5,Yes,Yes,3,4,5,10,8,83.65,No,"The employee was friendly, although the invoice layout could be clearer."
R0123,2026-03-13,New customer,55–64,Local area,Phone,Billing or payment,Billing & Payments,11,7.5,No,Yes,,4,4,6,4,19.95,Yes,I needed one follow-up about the invoice before everything was clear.
R0124,2026-01-23,Returning customer,55–64,Local area,Phone,Technical support,Technical Support,34,1.6,Yes,Yes,,5,3,8,7,54.94,No,The issue was more complicated than expected and took several steps to resolve.
R0125,2026-01-12,New customer,65+,Elsewhere in Finland,Chat,Product or service information,Customer Information,9,1.4,Yes,Yes,,4,5,10,10,110.28,No,Very helpful customer information. My question was solved during the first contact.
R0126,2026-02-03,New customer,25–34,Other part of region,Phone,Product or service information,Customer Information,11,1.2,Yes,Yes,,4,5,9,6,316.52,No,
R0127,2026-05-03,New customer,65+,Other part of region,Email,Purchase or booking,Orders & Delivery,23,1.6,Yes,No,4,2,5,8,9,392.23,No,I could not find where to check my order status. The staff member was helpful when I finally contacted the company.
R0128,2026-06-19,Returning customer,18–24,Other part of region,Email,Complaint or follow-up,Technical Support,29,2.3,Yes,Yes,4,5,3,7,7,176.39,Yes,I felt as if I was bothering the technician when I asked a follow-up question.
R0129,2026-01-28,Returning customer,45–54,Local area,Phone,Billing or payment,Billing & Payments,10,0.8,Yes,Yes,,4,4,8,7,87.84,No,"The payment process worked, but I would prefer a faster email reply."
R0130,2026-04-19,New customer,25–34,Local area,Email,Billing or payment,Billing & Payments,24,0.6,Yes,Yes,4,4,4,9,10,90.6,No,I received a clear answer to my billing question.
R0131,2026-06-02,New customer,18–24,Local area,Email,Complaint or follow-up,Billing & Payments,25,3.5,No,Yes,3,4,5,7,7,45.59,Yes,"I had to ask about an additional fee, but the explanation was reasonable."
R0132,2026-01-19,Returning customer,45–54,Other part of region,Phone,Billing or payment,Billing & Payments,13,3.4,Yes,Yes,,4,3,7,7,83.53,No,"I had to ask about an additional fee, but the explanation was reasonable."
R0133,2026-06-08,Returning customer,25–34,Elsewhere in Finland,Email,Product or service information,Customer Information,6,0.4,Yes,No,4,3,5,8,9,52.64,No,Friendly service and a clear explanation of what I needed to do next.
R0134,2026-03-02,New customer,25–34,Local area,Email,Technical support,Technical Support,1,18.6,No,Yes,3,3,3,3,4,70.72,Yes,The problem seems fixed now. I would have appreciated a little more explanation.
R0135,2026-06-06,Business customer,18–24,Elsewhere in Finland,Chat,Product or service information,Customer Information,1,0.5,Yes,No,,3,4,9,10,1800,No,I had several questions and the older lady answered every one without making me feel hurried.
R0136,2026-02-03,New customer,35–44,Local area,Phone,Complaint or follow-up,Customer Information,19,1.0,Yes,Yes,,4,4,10,10,48.18,No,
R0137,2026-06-19,Returning customer,45–54,Other part of region,Email,Technical support,Technical Support,32,2.5,Yes,Yes,3,4,2,5,4,53.88,No,"I was told to check the instructions, but the instructions did not answer my question."
R0138,2026-02-12,New customer,35–44,Local area,Phone,Product or service information,Customer Information,15,0.6,Yes,Yes,,4,4,9,7,17.48,No,"The older lady at the desk was warm, patient and very clear. I left knowing exactly what to do."
R0139,2026-01-31,Returning customer,55–64,Other part of region,In person,Technical support,Technical Support,7,2.4,Yes,No,,4,2,4,4,89.56,No,"I received an answer quickly, but it did not actually solve the problem."
R0140,2026-03-12,Returning customer,25–34,Other part of region,In person,Product or service information,Customer Information,8,0.9,Yes,Yes,,5,5,10,10,28.7,No,"I am not very comfortable with online services, but the older lady made the process feel easy."
R0141,2026-04-22,Business customer,25–34,Other part of region,Web form,Delivery or order status,Orders & Delivery,9,0.7,Yes,No,,2,4,5,8,364.83,No,I could not find where to check my order status. The staff member was helpful when I finally contacted the company.
R0142,2026-06-14,Returning customer,45–54,Local area,Email,Delivery or order status,Orders & Delivery,22,2.6,Yes,No,4,2,3,6,6,92.69,No,I could not find where to check my order status. The staff member was helpful when I finally contacted the company.
R0143,2026-06-24,New customer,35–44,Elsewhere in Finland,Email,Return or cancellation,Billing & Payments,18,1.5,Yes,Yes,5,4,5,8,7,137.66,No,"The payment process worked, but I would prefer a faster email reply."
R0144,2026-04-30,New customer,35–44,Local area,Phone,Product or service information,Customer Information,20,0.7,Yes,Yes,,4,5,10,9,628.26,No,The older lady who helped me was incredibly patient and explained every step clearly.
R0145,2026-04-19,Returning customer,18–24,Local area,Phone,Billing or payment,Billing & Payments,1,3.3,No,Yes,,4,4,7,6,141.7,Yes,"I had to ask about an additional fee, but the explanation was reasonable."
R0146,2026-01-20,Returning customer,25–34,Local area,Chat,Purchase or booking,Orders & Delivery,12,1.9,Yes,Yes,,2,4,8,9,39.34,No,My order question was solved quickly and the employee was helpful.
R0147,2026-05-28,Returning customer,35–44,Elsewhere in Finland,Email,Billing or payment,Billing & Payments,15,1.5,Yes,Yes,3,4,4,6,6,32.81,No,"I had to ask about an additional fee, but the explanation was reasonable."
R0148,2026-06-14,Returning customer,18–24,Other part of region,Email,Installation or setup,Technical Support,20,2.6,Yes,No,3,3,2,4,2,201.32,No,The technician gave me a one-line answer and closed the conversation before I had understood the fix.
R0149,2026-03-30,Returning customer,25–34,Elsewhere in Finland,Phone,Purchase or booking,Billing & Payments,22,1.9,Yes,Yes,,5,5,10,10,166.68,No,I needed one follow-up about the invoice before everything was clear.
R0150,2026-06-28,New customer,65+,Other part of region,In person,Purchase or booking,Customer Information,12,1.4,Yes,Yes,,4,5,8,9,121.18,No,"I am not very comfortable with online services, but the older lady made the process feel easy."
R0151,2026-01-31,New customer,45–54,Other part of region,Chat,Product or service information,Customer Information,1,0.9,Yes,Yes,,5,5,10,9,284.63,No,Very helpful customer information. My question was solved during the first contact.
R0152,2026-03-30,New customer,45–54,Local area,Chat,Delivery or order status,Orders & Delivery,9,2.4,Yes,No,,1,5,7,6,593.84,Yes,I could not find where to check my order status. The staff member was helpful when I finally contacted the company.
R0153,2026-04-18,New customer,55–64,Elsewhere in Finland,Web form,Technical support,Technical Support,31,10.1,No,No,,4,2,1,1,160.63,Yes,"The technical instructions were understandable, although the resolution took a while."
R0154,2026-02-04,New customer,25–34,Elsewhere in Finland,Chat,Complaint or follow-up,Technical Support,10,1.3,Yes,No,,3,3,5,5,29.86,Yes,The technician's answer was very short and I still did not know what to do.
R0155,2026-03-08,New customer,35–44,Other part of region,Chat,Delivery or order status,Orders & Delivery,5,2.2,Yes,No,,1,5,6,7,74.99,No,I only contacted the company because I could not see when my order would arrive online.
R0156,2026-01-09,New customer,35–44,Local area,Phone,Complaint or follow-up,Customer Information,7,0.6,Yes,Yes,,4,5,8,8,713.89,Yes,The employee listened carefully and gave me a clear answer.
R0157,2026-03-26,Returning customer,55–64,Elsewhere in Finland,Email,Delivery or order status,Orders & Delivery,19,9.0,No,Yes,4,3,5,8,6,243.56,Yes,I needed help with a return and the employee explained the next step clearly.
R0158,2026-03-10,Returning customer,45–54,Other part of region,Web form,Return or cancellation,Orders & Delivery,3,0.7,Yes,No,,2,4,7,7,304.63,Yes,"Once I reached someone, the answer was clear. The website should show this information without a separate contact."
R0159,2026-04-08,Returning customer,18–24,Elsewhere in Finland,Phone,Installation or setup,Technical Support,1,9.7,No,No,,4,2,4,4,34.41,Yes,"I was told to check the instructions, but the instructions did not answer my question."
R0160,2026-02-18,Returning customer,25–34,Local area,Phone,Product or service information,Customer Information,6,0.9,Yes,Yes,,4,4,10,10,90.15,No,Very helpful customer information. My question was solved during the first contact.
R0161,2026-05-06,Business customer,65+,Other part of region,Phone,Return or cancellation,Orders & Delivery,1,1.0,Yes,No,,2,5,6,6,267.19,No,I needed help with a return and the employee explained the next step clearly.
R0162,2026-03-04,Returning customer,55–64,Elsewhere in Finland,Phone,Installation or setup,Technical Support,1,9.0,No,Yes,,4,2,3,3,283.62,Yes,The technician seemed annoyed by basic questions. I eventually found the solution myself.
R0163,2026-02-16,New customer,25–34,Local area,Email,Complaint or follow-up,Orders & Delivery,13,0.9,Yes,Yes,3,3,5,7,7,305.88,No,Customer service answered my delivery question. The process was acceptable overall.
R0164,2026-05-28,New customer,35–44,Local area,Chat,Technical support,Technical Support,11,26.1,No,Yes,,4,3,5,5,112.95,Yes,The technician gave me a one-line answer and closed the conversation before I had understood the fix.
R0165,2026-05-17,Returning customer,25–34,Other part of region,Phone,Delivery or order status,Orders & Delivery,85,5.1,No,No,,1,4,6,7,28.25,Yes,I found the tracking page and only contacted the company to confirm one detail.
R0166,2026-02-16,Returning customer,18–24,Other part of region,Chat,Purchase or booking,Customer Information,17,1.1,Yes,No,,4,5,10,8,31.65,No,"I was nervous about the online form, but the older lady talked me through it step by step."
R0167,2026-05-16,Returning customer,55–64,Local area,Phone,Purchase or booking,Billing & Payments,11,7.1,No,No,,4,4,7,8,124.92,Yes,The billing information was easy enough to find and the final question was answered by email.
R0168,2026-03-30,New customer,25–34,Other part of region,Email,Purchase or booking,Orders & Delivery,1,2.5,Yes,Yes,4,2,5,7,6,498.86,No,I needed help with a return and the employee explained the next step clearly.
R0169,2026-02-21,New customer,55–64,Local area,Web form,Purchase or booking,Billing & Payments,16,4.4,No,Yes,,4,4,6,6,90.7,No,"I had to ask about an additional fee, but the explanation was reasonable."
R0170,2026-02-02,New customer,25–34,Other part of region,Chat,Technical support,Technical Support,18,9.7,No,Yes,,4,3,4,6,216.77,Yes,The technician gave me a one-line answer and closed the conversation before I had understood the fix.
R0171,2026-02-18,New customer,35–44,Local area,Phone,Installation or setup,Technical Support,34,8.7,No,No,,4,2,4,4,51.94,Yes,"I received an answer quickly, but it did not actually solve the problem."
R0172,2026-03-06,New customer,45–54,Local area,In person,Delivery or order status,Orders & Delivery,33,1.7,Yes,No,,2,5,10,9,26.36,No,I only contacted the company because I could not see when my order would arrive online.
R0173,2026-05-30,Business customer,55–64,Local area,Chat,Technical support,Technical Support,20,18.3,No,No,,4,4,4,4,99.64,No,"I received an answer quickly, but it did not actually solve the problem."
R0174,2026-06-28,New customer,55–64,Other part of region,Phone,Product or service information,Customer Information,12,0.8,Yes,Yes,,4,5,10,10,30.04,No,"I am not very comfortable with online services, but the older lady made the process feel easy."
R0175,2026-04-27,New customer,45–54,Other part of region,Web form,Technical support,Technical Support,17,6.3,No,Yes,,4,2,2,3,63.43,Yes,"The technical problem was real, but the response felt dismissive rather than helpful."
R0176,2026-06-21,Business customer,45–54,Local area,Email,Installation or setup,Technical Support,101,5.5,No,No,2,3,2,4,3,311.04,Yes,The technician gave me a one-line answer and closed the conversation before I had understood the fix.
R0177,2026-04-19,Business customer,25–34,Local area,Phone,Purchase or booking,Orders & Delivery,12,5.7,No,No,,2,4,7,4,103.11,No,I had a simple question about my order that really should have been answered on the website.
R0178,2026-04-09,New customer,18–24,Elsewhere in Finland,Phone,Billing or payment,Billing & Payments,20,7.5,No,Yes,,4,4,7,6,47.2,Yes,"The payment process worked, but I would prefer a faster email reply."
R0179,2026-01-29,Returning customer,65+,Local area,Phone,Technical support,Technical Support,37,17.9,No,Yes,,4,3,5,6,135.96,Yes,I had to explain the same technical issue twice before I got a useful answer.
R0180,2026-06-24,Returning customer,45–54,Local area,Chat,Delivery or order status,Orders & Delivery,6,6.2,Yes,No,,2,4,7,5,74.25,No,I had a simple question about my order that really should have been answered on the website.
R0181,2026-01-22,Returning customer,45–54,Local area,Chat,Billing or payment,Billing & Payments,3,1.8,Yes,Yes,,4,4,6,7,48.69,No,The invoice question was answered clearly and I understood the charge.
R0182,2026-01-07,New customer,18–24,Elsewhere in Finland,Chat,Product or service information,Customer Information,13,1.6,Yes,Yes,,4,5,10,10,123.46,No,Friendly service and a clear explanation of what I needed to do next.
R0183,2026-06-01,Returning customer,55–64,Local area,In person,Product or service information,Customer Information,24,0.5,Yes,Yes,,4,5,10,10,126.24,No,I had several questions and the older lady answered every one without making me feel hurried.
R0184,2026-02-07,New customer,55–64,Local area,Phone,Purchase or booking,Customer Information,71,0.3,Yes,Yes,,4,5,10,10,55.71,No,Excellent service from the older lady. She listened carefully and solved everything in one conversation.
R0185,2026-04-07,Business customer,35–44,Other part of region,Chat,Product or service information,Customer Information,9,0.3,Yes,Yes,,5,4,10,10,703.67,No,"I was nervous about the online form, but the older lady talked me through it step by step."
R0186,2026-06-14,Returning customer,18–24,Other part of region,Phone,Purchase or booking,Customer Information,6,0.6,Yes,Yes,,4,4,10,10,49.38,No,The older lady was probably the most helpful person I have spoken to at the company.
R0187,2026-03-09,Returning customer,25–34,Other part of region,Email,Delivery or order status,Orders & Delivery,32,2.5,Yes,No,4,2,4,6,6,128.75,No,"Once I reached someone, the answer was clear. The website should show this information without a separate contact."
R0188,2026-04-20,Returning customer,25–34,Other part of region,Chat,Delivery or order status,Orders & Delivery,20,1.2,Yes,No,,2,5,8,9,46.39,No,Nothing was wrong with the staff. The problem was that the website did not tell me what I needed to know.
R0189,2026-04-26,Returning customer,65+,Other part of region,Chat,Installation or setup,Technical Support,19,10.7,No,No,,4,3,4,4,51.01,Yes,I felt as if I was bothering the technician when I asked a follow-up question.
R0190,2026-06-29,Business customer,25–34,Local area,Chat,Installation or setup,Technical Support,13,11.1,No,Yes,,4,4,4,5,970.2,Yes,I felt as if I was bothering the technician when I asked a follow-up question.
R0191,2026-03-28,Returning customer,18–24,Other part of region,Email,Installation or setup,Technical Support,15,9.0,No,No,2,4,2,4,4,79.06,Yes,The technician gave me a one-line answer and closed the conversation before I had understood the fix.
R0192,2026-06-28,New customer,25–34,Local area,Phone,Return or cancellation,Customer Information,18,0.4,Yes,Yes,,4,5,10,9,353.42,No,I had several questions and the older lady answered every one without making me feel hurried.
R0193,2026-02-21,Returning customer,25–34,Other part of region,In person,Purchase or booking,Customer Information,9,0.6,Yes,Yes,,4,5,10,9,165.52,No,
R0194,2026-03-18,Returning customer,35–44,Other part of region,Chat,Technical support,Technical Support,22,1.8,Yes,No,,5,2,5,7,127.68,Yes,The issue was more complicated than expected and took several steps to resolve.
R0195,2026-04-10,New customer,35–44,Other part of region,Phone,Billing or payment,Billing & Payments,18,2.3,Yes,No,,3,4,8,9,133.24,No,
R0196,2026-05-14,Returning customer,18–24,Other part of region,Email,Technical support,Technical Support,10,3.6,Yes,No,4,3,3,6,6,71.62,No,The technician's answer was very short and I still did not know what to do.
R0197,2026-06-25,Business customer,25–34,Other part of region,Phone,Technical support,Technical Support,34,22.6,No,Yes,,4,3,4,3,85.14,Yes,The technician's answer was very short and I still did not know what to do.
R0198,2026-02-01,Returning customer,45–54,Elsewhere in Finland,Web form,Technical support,Technical Support,38,3.6,Yes,Yes,,4,3,7,5,389.89,Yes,"I was told to check the instructions, but the instructions did not answer my question."
R0199,2026-03-06,Returning customer,45–54,Local area,Chat,Delivery or order status,Orders & Delivery,4,1.1,Yes,Yes,,3,5,8,6,32.87,No,I needed help with a return and the employee explained the next step clearly.
R0200,2026-03-14,New customer,65+,Other part of region,Web form,Purchase or booking,Orders & Delivery,13,1.4,Yes,No,,2,4,7,7,88.09,No,"The return and delivery pages were hard to navigate, so I contacted customer service instead."
R0201,2026-01-18,New customer,25–34,Local area,Web form,Purchase or booking,Customer Information,22,1.9,Yes,Yes,,5,5,10,10,96.16,No,The employee listened carefully and gave me a clear answer.
R0202,2026-05-24,Business customer,18–24,Elsewhere in Finland,Chat,Technical support,Technical Support,33,15.2,No,No,,3,3,2,3,398.35,Yes,"The technical instructions were understandable, although the resolution took a while."
R0203,2026-03-15,Returning customer,65+,Other part of region,Phone,Complaint or follow-up,Billing & Payments,21,1.2,Yes,Yes,,4,4,7,7,67.17,No,
R0204,2026-06-27,New customer,25–34,Local area,Phone,Technical support,Technical Support,27,2.9,Yes,Yes,,4,2,7,4,151.24,No,"The first technical reply told me what to try, but not how to do it. I needed another contact."
R0205,2026-03-26,Returning customer,55–64,Local area,Web form,Purchase or booking,Orders & Delivery,5,1.6,Yes,No,,1,4,8,8,54.91,No,"Once I reached someone, the answer was clear. The website should show this information without a separate contact."
R0206,2026-04-24,New customer,18–24,Other part of region,Email,Delivery or order status,Orders & Delivery,22,3.1,Yes,No,3,3,3,7,7,96.0,No,The website information was clear and customer service confirmed the delivery date.
R0207,2026-05-01,New customer,45–54,Local area,Email,Return or cancellation,Billing & Payments,17,4.3,No,Yes,4,4,4,6,7,59.17,Yes,The invoice question was answered clearly and I understood the charge.
R0208,2026-06-08,New customer,35–44,Local area,Phone,Delivery or order status,Orders & Delivery,23,1.1,Yes,No,,1,5,7,7,32.9,Yes,The website sent me in circles when I looked for delivery information. The actual service person was good.
R0209,2026-06-19,Returning customer,45–54,Local area,Email,Complaint or follow-up,Orders & Delivery,10,2.6,Yes,Yes,2,2,4,9,6,312.38,No,I needed help with a return and the employee explained the next step clearly.
R0210,2026-04-17,New customer,25–34,Elsewhere in Finland,Email,Technical support,Technical Support,28,16.6,No,Yes,2,5,3,5,6,57.6,Yes,The technician gave me a one-line answer and closed the conversation before I had understood the fix.
R0211,2026-03-12,New customer,35–44,Local area,Web form,Complaint or follow-up,Technical Support,11,14.0,No,Yes,,4,3,5,7,92.5,No,"I received an answer quickly, but it did not actually solve the problem."
R0212,2026-06-13,New customer,35–44,Local area,Email,Delivery or order status,Orders & Delivery,15,1.5,Yes,No,4,3,5,6,5,81.91,No,"The return and delivery pages were hard to navigate, so I contacted customer service instead."
R0213,2026-05-24,Returning customer,25–34,Elsewhere in Finland,Email,Complaint or follow-up,Orders & Delivery,21,9.8,No,No,4,2,4,5,7,87.58,Yes,The delivery information on the website was unclear. Customer service answered immediately once I asked.
R0214,2026-02-04,Returning customer,25–34,Local area,In person,Product or service information,Customer Information,1,1.4,Yes,Yes,,5,5,10,10,184.68,No,Excellent service from the older lady. She listened carefully and solved everything in one conversation.
R0215,2026-05-22,Business customer,65+,Local area,In person,Billing or payment,Billing & Payments,1,2.7,Yes,Yes,,4,4,8,6,1571.07,No,I received a clear answer to my billing question.
R0216,2026-03-27,New customer,18–24,Other part of region,Email,Billing or payment,Billing & Payments,18,6.2,No,Yes,4,3,3,7,7,160.59,Yes,The invoice question was answered clearly and I understood the charge.
R0217,2026-04-06,Returning customer,55–64,Local area,Email,Billing or payment,Billing & Payments,34,1.2,Yes,Yes,3,4,4,8,8,239.02,No,
R0218,2026-04-23,New customer,55–64,Local area,In person,Return or cancellation,Customer Information,18,0.5,Yes,Yes,,4,4,9,9,116.09,No,I had several questions and the older lady answered every one without making me feel hurried.
R0219,2026-03-04,New customer,35–44,Elsewhere in Finland,Email,Billing or payment,Billing & Payments,10,3.8,Yes,Yes,4,5,5,8,7,354.75,No,"The payment process worked, but I would prefer a faster email reply."
R0220,2026-04-01,Returning customer,65+,Elsewhere in Finland,In person,Product or service information,Customer Information,11,0.6,Yes,Yes,,4,5,8,8,61.4,No,The older woman who answered the phone was exceptionally kind and explained the booking process slowly.
R0221,2026-01-21,Returning customer,25–34,Other part of region,Chat,Delivery or order status,Orders & Delivery,23,1.6,Yes,No,,1,4,8,7,22.37,No,"Once I reached someone, the answer was clear. The website should show this information without a separate contact."
R0222,2026-02-26,Returning customer,35–44,Other part of region,Email,Billing or payment,Billing & Payments,3,3.8,Yes,Yes,4,5,4,8,9,42.22,No,"The payment process worked, but I would prefer a faster email reply."
R0223,2026-03-22,New customer,25–34,Local area,Phone,Return or cancellation,Orders & Delivery,37,1.4,Yes,No,,2,4,8,8,12.34,No,My order question was solved quickly and the employee was helpful.
R0224,2026-06-20,New customer,35–44,Other part of region,Chat,Installation or setup,Technical Support,1,2.5,Yes,Yes,,4,2,5,7,28.72,No,"The technical problem was real, but the response felt dismissive rather than helpful."
R0225,2026-03-01,Business customer,65+,Other part of region,Phone,Technical support,Technical Support,7,2.3,Yes,Yes,,4,2,6,6,196.52,No,"My setup question was partly solved, but I still need to test the final step."
R0226,2026-04-19,New customer,35–44,Elsewhere in Finland,Phone,Delivery or order status,Orders & Delivery,15,2.1,Yes,No,,2,5,7,6,108.78,No,The delivery information on the website was unclear. Customer service answered immediately once I asked.
R0227,2026-04-12,Returning customer,55–64,Elsewhere in Finland,Phone,Return or cancellation,Customer Information,11,2.1,Yes,Yes,,4,4,8,6,29.81,No,The woman who helped me took extra time to explain the options and I really appreciated it.
R0228,2026-04-08,Returning customer,35–44,Elsewhere in Finland,Email,Billing or payment,Billing & Payments,1,2.7,Yes,Yes,3,4,4,8,9,256.57,No,"The payment process worked, but I would prefer a faster email reply."
R0229,2026-03-19,Returning customer,25–34,Elsewhere in Finland,Email,Complaint or follow-up,Technical Support,49,13.0,No,No,3,4,2,4,3,48.97,Yes,"I received an answer quickly, but it did not actually solve the problem."
R0230,2026-02-28,Returning customer,25–34,Local area,Email,Delivery or order status,Orders & Delivery,9,2.8,Yes,No,4,2,5,7,8,19.8,No,Nothing was wrong with the staff. The problem was that the website did not tell me what I needed to know.
R0231,2026-04-04,Business customer,35–44,Local area,Email,Delivery or order status,Orders & Delivery,4,0.4,Yes,Yes,3,2,5,8,7,235.77,No,Customer service answered my delivery question. The process was acceptable overall.
R0232,2026-03-08,New customer,45–54,Local area,Web form,Return or cancellation,Orders & Delivery,11,1.3,Yes,No,,2,4,7,6,246.72,No,The website sent me in circles when I looked for delivery information. The actual service person was good.
R0233,2026-03-08,Returning customer,55–64,Other part of region,Chat,Delivery or order status,Orders & Delivery,1,1.3,Yes,No,,2,4,9,8,262.7,No,The website sent me in circles when I looked for delivery information. The actual service person was good.
R0234,2026-02-03,New customer,18–24,Local area,Chat,Product or service information,Customer Information,11,1.1,Yes,Yes,,4,4,9,10,58.46,No,Friendly service and a clear explanation of what I needed to do next.
R0235,2026-01-20,New customer,45–54,Local area,Email,Billing or payment,Billing & Payments,29,2.3,Yes,Yes,4,3,4,9,8,50.48,No,
R0236,2026-02-18,Business customer,55–64,Other part of region,Email,Product or service information,Customer Information,7,8.4,No,Yes,4,5,5,8,8,230.04,No,
R0237,2026-06-17,New customer,55–64,Local area,Web form,Complaint or follow-up,Billing & Payments,5,1.1,Yes,Yes,,4,3,8,8,397.86,No,"The employee was friendly, although the invoice layout could be clearer."
R0238,2026-01-18,New customer,18–24,Local area,Phone,Delivery or order status,Orders & Delivery,16,18.4,No,No,,2,5,6,6,169.65,No,I could not find where to check my order status. The staff member was helpful when I finally contacted the company.
R0239,2026-01-24,Returning customer,25–34,Local area,Email,Billing or payment,Billing & Payments,14,1.5,Yes,Yes,4,4,4,7,7,27.19,No,The payment issue was solved during the first contact.
R0240,2026-05-21,New customer,18–24,Local area,Web form,Billing or payment,Billing & Payments,13,3.2,No,Yes,,3,4,8,8,5.94,No,I received a clear answer to my billing question.
R0241,2026-03-23,New customer,45–54,Other part of region,In person,Return or cancellation,Customer Information,11,0.7,Yes,No,,4,5,10,10,72.52,No,The older woman who answered the phone was exceptionally kind and explained the booking process slowly.
R0242,2026-03-24,Returning customer,25–34,Elsewhere in Finland,Web form,Delivery or order status,Orders & Delivery,4,4.3,No,No,,2,4,5,6,218.02,Yes,The website sent me in circles when I looked for delivery information. The actual service person was good.
R0243,2026-06-12,Returning customer,45–54,Local area,Email,Product or service information,Customer Information,13,0.8,Yes,No,3,5,5,10,9,20.36,No,
R0244,2026-06-09,New customer,25–34,Other part of region,Chat,Technical support,Technical Support,14,3.2,Yes,Yes,,3,3,5,6,172.28,No,I had to explain the same technical issue twice before I got a useful answer.
R0245,2026-06-08,Returning customer,35–44,Local area,Phone,Purchase or booking,Orders & Delivery,11,1.6,Yes,Yes,,2,3,8,6,71.61,No,"The order arrived as promised, but I would like clearer updates during delivery."
R0246,2026-01-11,Returning customer,25–34,Local area,In person,Product or service information,Customer Information,4,0.3,Yes,Yes,,4,5,10,10,142.53,No,Friendly service and a clear explanation of what I needed to do next.
R0247,2026-06-19,New customer,65+,Local area,Chat,Installation or setup,Technical Support,10,1.1,Yes,Yes,,5,4,7,7,57.0,No,"The technical answer was brief but correct, and I did not need any follow-up."
R0248,2026-02-25,Returning customer,18–24,Elsewhere in Finland,Phone,Return or cancellation,Customer Information,13,1.6,Yes,Yes,,5,5,10,9,51.84,No,The older woman who answered the phone was exceptionally kind and explained the booking process slowly.
R0249,2026-05-27,Returning customer,35–44,Other part of region,Phone,Installation or setup,Technical Support,14,9.7,No,Yes,,4,3,5,6,179.95,Yes,The reply sounded impatient and I had to contact the company again before the problem was solved.
R0250,2026-06-19,Returning customer,18–24,Other part of region,Chat,Technical support,Technical Support,28,24.0,No,Yes,,4,3,5,5,17.53,Yes,
R0251,2026-02-28,Business customer,25–34,Local area,Phone,Delivery or order status,Orders & Delivery,6,1.8,Yes,No,,1,3,6,3,65.34,No,I only contacted the company because I could not see when my order would arrive online.
R0252,2026-05-05,New customer,55–64,Local area,Web form,Return or cancellation,Customer Information,4,1.2,Yes,Yes,,4,4,10,10,37.31,No,I had several questions and the older lady answered every one without making me feel hurried.
R0253,2026-01-29,Returning customer,25–34,Local area,Web form,Delivery or order status,Orders & Delivery,21,1.3,Yes,No,,2,4,8,7,63.7,No,My order question was solved quickly and the employee was helpful.
R0254,2026-06-03,Business customer,18–24,Elsewhere in Finland,Chat,Purchase or booking,Orders & Delivery,12,2.2,Yes,No,,2,3,6,6,1220.53,No,"I searched the website for tracking information and could not find it, so I had to use the web form."
R0255,2026-06-12,Returning customer,45–54,Local area,Web form,Purchase or booking,Orders & Delivery,24,1.7,Yes,No,,1,4,8,6,105.87,No,"I searched the website for tracking information and could not find it, so I had to use the web form."
R0256,2026-04-17,New customer,45–54,Elsewhere in Finland,Phone,Billing or payment,Billing & Payments,4,5.8,No,Yes,,4,4,6,8,232.93,No,"The payment process worked, but I would prefer a faster email reply."
R0257,2026-02-12,New customer,35–44,Local area,Email,Installation or setup,Technical Support,24,10.3,No,Yes,3,4,2,6,5,294.05,Yes,I felt as if I was bothering the technician when I asked a follow-up question.
R0258,2026-04-18,Returning customer,25–34,Local area,Email,Delivery or order status,Orders & Delivery,36,2.8,Yes,No,3,3,3,8,8,34.08,No,"The employee was helpful, but I should have been able to find the delivery status on the website."
R0259,2026-03-29,Returning customer,25–34,Other part of region,Email,Purchase or booking,Customer Information,17,1.2,Yes,No,4,4,5,10,8,90.25,No,
R0260,2026-06-15,Returning customer,55–64,Other part of region,Chat,Return or cancellation,Orders & Delivery,31,0.5,Yes,No,,2,5,7,7,15.01,No,
R0261,2026-04-02,New customer,25–34,Other part of region,Chat,Product or service information,Customer Information,1,0.5,Yes,No,,4,5,9,10,151.07,Yes,The older lady was probably the most helpful person I have spoken to at the company.
R0262,2026-05-07,Returning customer,55–64,Local area,Email,Purchase or booking,Orders & Delivery,26,1.3,Yes,Yes,4,2,5,8,9,171.89,No,My order question was solved quickly and the employee was helpful.
R0263,2026-02-26,Business customer,25–34,Local area,Chat,Billing or payment,Billing & Payments,93,1.1,Yes,No,,3,3,8,6,236.91,No,The invoice question was answered clearly and I understood the charge.
R0264,2026-06-25,Returning customer,25–34,Elsewhere in Finland,Chat,Technical support,Technical Support,30,7.8,No,Yes,,4,3,4,4,84.43,Yes,The technician's answer was very short and I still did not know what to do.
R0265,2026-04-18,New customer,18–24,Local area,Email,Billing or payment,Billing & Payments,10,1.4,Yes,Yes,4,4,5,8,8,27.81,Yes,I needed one follow-up about the invoice before everything was clear.
R0266,2026-03-02,Returning customer,25–34,Local area,Web form,Return or cancellation,Orders & Delivery,13,1.5,Yes,No,,2,3,6,6,67.78,No,
R0267,2026-01-13,New customer,55–64,Other part of region,Email,Technical support,Technical Support,29,3.7,Yes,Yes,3,4,3,6,4,139.72,Yes,The problem seems fixed now. I would have appreciated a little more explanation.
R0268,2026-05-05,Returning customer,25–34,Local area,Web form,Product or service information,Customer Information,11,1.0,Yes,Yes,,4,5,9,8,12.51,No,Friendly service and a clear explanation of what I needed to do next.
R0269,2026-06-12,Returning customer,18–24,Local area,Email,Product or service information,Customer Information,21,0.6,Yes,Yes,4,5,5,10,7,95.46,No,The woman who helped me took extra time to explain the options and I really appreciated it.
R0270,2026-05-13,New customer,45–54,Other part of region,Phone,Return or cancellation,Orders & Delivery,18,1.2,Yes,Yes,,2,5,6,8,59.62,No,Customer service answered my delivery question. The process was acceptable overall.
R0271,2026-05-09,Returning customer,25–34,Local area,In person,Purchase or booking,Orders & Delivery,14,0.9,Yes,Yes,,2,4,9,9,38.76,No,I needed help with a return and the employee explained the next step clearly.
R0272,2026-05-17,Returning customer,55–64,Elsewhere in Finland,Web form,Delivery or order status,Orders & Delivery,38,10.7,No,No,,1,5,8,6,57.58,Yes,I could not find where to check my order status. The staff member was helpful when I finally contacted the company.
R0273,2026-02-27,Returning customer,55–64,Elsewhere in Finland,Phone,Installation or setup,Technical Support,20,3.6,Yes,Yes,,4,3,5,5,58.76,Yes,"The technical problem was real, but the response felt dismissive rather than helpful."
R0274,2026-02-15,Returning customer,25–34,Other part of region,Phone,Delivery or order status,Orders & Delivery,1,1.8,Yes,No,,1,3,7,7,340.64,No,"The return and delivery pages were hard to navigate, so I contacted customer service instead."
R0275,2026-01-10,New customer,25–34,Local area,In person,Billing or payment,Billing & Payments,43,2.1,Yes,Yes,,4,5,10,8,442.59,No,"I had to ask about an additional fee, but the explanation was reasonable."
R0276,2026-02-22,New customer,65+,Local area,Phone,Purchase or booking,Customer Information,3,0.7,Yes,Yes,,3,4,9,7,78.15,Yes,"I am not very comfortable with online services, but the older lady made the process feel easy."
R0277,2026-05-30,New customer,18–24,Elsewhere in Finland,Email,Billing or payment,Billing & Payments,9,3.8,Yes,Yes,3,4,4,10,8,145.89,No,I received a clear answer to my billing question.
R0278,2026-05-15,Returning customer,45–54,Elsewhere in Finland,Web form,Delivery or order status,Orders & Delivery,32,2.2,Yes,No,,1,4,6,5,32.4,No,The delivery information on the website was unclear. Customer service answered immediately once I asked.
R0279,2026-01-26,Business customer,35–44,Local area,Chat,Return or cancellation,Orders & Delivery,24,1.9,Yes,No,,3,5,8,7,110.41,No,My order question was solved quickly and the employee was helpful.
R0280,2026-02-22,Returning customer,35–44,Local area,Email,Complaint or follow-up,Billing & Payments,59,5.3,No,Yes,2,4,3,6,8,36.26,Yes,
R0281,2026-03-18,Business customer,35–44,Local area,Web form,Delivery or order status,Orders & Delivery,12,10.7,No,No,,2,5,5,6,205.09,No,I only contacted the company because I could not see when my order would arrive online.
R0282,2026-01-16,New customer,25–34,Local area,Chat,Delivery or order status,Orders & Delivery,11,7.5,No,No,,2,4,6,6,162.6,Yes,"The employee was helpful, but I should have been able to find the delivery status on the website."
R0283,2026-06-21,Returning customer,45–54,Local area,In person,Delivery or order status,Orders & Delivery,22,0.8,Yes,No,,3,4,5,6,31.97,No,Customer service answered my delivery question. The process was acceptable overall.
R0284,2026-06-15,Business customer,25–34,Elsewhere in Finland,Email,Installation or setup,Technical Support,23,3.4,Yes,No,4,3,3,6,5,354.7,Yes,I had to explain the same technical issue twice before I got a useful answer.
R0285,2026-03-25,Returning customer,25–34,Other part of region,Chat,Installation or setup,Technical Support,12,13.0,No,No,,3,3,4,4,53.18,Yes,I felt as if I was bothering the technician when I asked a follow-up question.
R0286,2026-05-20,New customer,35–44,Other part of region,Phone,Technical support,Technical Support,20,7.1,Yes,No,,3,3,6,7,27.68,No,"I was told to check the instructions, but the instructions did not answer my question."
R0287,2026-06-26,New customer,25–34,Other part of region,Email,Billing or payment,Billing & Payments,15,2.4,Yes,Yes,4,4,5,9,10,167.16,Yes,"The payment process worked, but I would prefer a faster email reply."
R0288,2026-02-19,Returning customer,35–44,Local area,Web form,Technical support,Technical Support,32,2.6,Yes,Yes,,4,3,4,4,111.31,No,"The first technical reply told me what to try, but not how to do it. I needed another contact."
R0289,2026-03-20,Returning customer,35–44,Other part of region,Chat,Technical support,Technical Support,23,1.8,Yes,No,,3,3,5,6,48.8,No,I had to explain the same technical issue twice before I got a useful answer.
R0290,2026-05-01,New customer,45–54,Local area,Web form,Product or service information,Customer Information,1,3.6,No,Yes,,4,5,9,10,24.67,No,Friendly service and a clear explanation of what I needed to do next.
R0291,2026-05-28,Business customer,45–54,Elsewhere in Finland,In person,Complaint or follow-up,Customer Information,6,0.5,Yes,Yes,,5,5,10,9,202.41,No,I found most of the information myself and customer service confirmed the last detail.
R0292,2026-04-25,New customer,18–24,Local area,Phone,Billing or payment,Billing & Payments,21,8.1,No,Yes,,4,3,6,5,15.39,Yes,"The payment process worked, but I would prefer a faster email reply."
R0293,2026-01-14,Returning customer,55–64,Local area,Phone,Technical support,Technical Support,23,2.8,Yes,No,,4,1,5,5,14.08,No,The reply sounded impatient and I had to contact the company again before the problem was solved.
R0294,2026-06-15,Returning customer,25–34,Local area,Phone,Complaint or follow-up,Billing & Payments,28,2.2,Yes,Yes,,3,3,8,7,50.61,No,"The payment process worked, but I would prefer a faster email reply."
R0295,2026-05-09,Returning customer,45–54,Local area,Phone,Installation or setup,Technical Support,9,1.6,Yes,Yes,,4,3,7,8,20.87,No,"The first technical reply told me what to try, but not how to do it. I needed another contact."
R0296,2026-04-16,Returning customer,35–44,Local area,Web form,Installation or setup,Technical Support,21,8.6,No,Yes,,4,4,5,5,57.22,Yes,The technician's answer was very short and I still did not know what to do.
R0297,2026-05-13,Returning customer,55–64,Elsewhere in Finland,Phone,Delivery or order status,Orders & Delivery,15,1.2,Yes,Yes,,2,5,7,7,73.49,No,Customer service answered my delivery question. The process was acceptable overall.
R0298,2026-05-23,New customer,25–34,Local area,Web form,Billing or payment,Billing & Payments,28,9.6,No,No,,3,4,5,5,62.37,No,"I had to ask about an additional fee, but the explanation was reasonable."
R0299,2026-01-31,New customer,25–34,Other part of region,Phone,Product or service information,Customer Information,14,1.7,Yes,Yes,,4,4,10,10,347.71,No,"I am not very comfortable with online services, but the older lady made the process feel easy."
R0300,2026-06-04,New customer,65+,Other part of region,Phone,Return or cancellation,Customer Information,8,2.3,Yes,No,,4,5,9,8,298.64,No,I got exactly the information I needed and did not have to contact the company again.
R0301,2026-03-02,Returning customer,35–44,Local area,Email,Complaint or follow-up,Billing & Payments,3,1.5,Yes,No,5,3,4,8,8,45.54,No,
R0302,2026-02-09,Returning customer,18–24,Other part of region,Email,Installation or setup,Technical Support,14,15.9,No,Yes,2,4,3,3,5,143.72,Yes,The technician's answer was very short and I still did not know what to do.
R0303,2026-02-08,New customer,55–64,Local area,Web form,Technical support,Technical Support,30,25.4,No,Yes,,4,3,4,3,518.65,Yes,I felt as if I was bothering the technician when I asked a follow-up question.
R0304,2026-03-27,New customer,18–24,Local area,Email,Complaint or follow-up,Technical Support,17,2.8,Yes,Yes,5,3,2,5,5,164.29,Yes,The reply sounded impatient and I had to contact the company again before the problem was solved.
R0305,2026-05-04,Returning customer,55–64,Local area,Chat,Purchase or booking,Customer Information,4,0.8,Yes,Yes,,4,4,9,9,285.38,No,Very helpful customer information. My question was solved during the first contact.
R0306,2026-04-20,Returning customer,35–44,Local area,Phone,Billing or payment,Billing & Payments,12,3.7,Yes,No,,4,5,6,5,27.8,No,"The payment process worked, but I would prefer a faster email reply."
R0307,2026-06-18,Returning customer,55–64,Local area,Email,Billing or payment,Billing & Payments,15,2.8,Yes,Yes,4,4,3,8,8,86.33,No,The billing information was easy enough to find and the final question was answered by email.
R0308,2026-04-25,New customer,65+,Other part of region,Phone,Purchase or booking,Orders & Delivery,19,8.4,No,No,,2,3,7,6,144.27,Yes,"The return and delivery pages were hard to navigate, so I contacted customer service instead."
R0309,2026-02-11,Returning customer,55–64,Local area,Chat,Installation or setup,Technical Support,27,5.7,No,Yes,,4,2,5,4,12.55,No,I felt as if I was bothering the technician when I asked a follow-up question.
R0310,2026-02-08,New customer,55–64,Local area,Email,Complaint or follow-up,Orders & Delivery,25,2.7,Yes,Yes,4,2,4,8,10,90.27,No,I needed help with a return and the employee explained the next step clearly.
R0311,2026-03-20,Business customer,18–24,Other part of region,Phone,Product or service information,Customer Information,1,0.8,Yes,No,,4,5,9,9,281.63,No,The older lady who helped me was incredibly patient and explained every step clearly.
R0312,2026-04-23,New customer,55–64,Local area,In person,Complaint or follow-up,Orders & Delivery,24,7.6,No,No,,2,4,6,7,44.33,Yes,"Once I reached someone, the answer was clear. The website should show this information without a separate contact."
R0313,2026-05-03,Returning customer,55–64,Elsewhere in Finland,In person,Product or service information,Customer Information,16,0.3,Yes,No,,4,5,7,7,64.64,No,I got exactly the information I needed and did not have to contact the company again.
R0314,2026-02-20,New customer,18–24,Local area,Web form,Technical support,Technical Support,26,3.1,Yes,Yes,,4,2,6,5,28.15,No,I felt as if I was bothering the technician when I asked a follow-up question.
R0315,2026-05-26,Returning customer,55–64,Other part of region,Email,Delivery or order status,Orders & Delivery,2,9.3,No,No,4,2,4,5,7,34.7,Yes,
R0316,2026-04-29,New customer,45–54,Elsewhere in Finland,Phone,Installation or setup,Technical Support,31,3.0,Yes,Yes,,4,3,6,5,515.31,No,"The technical instructions were understandable, although the resolution took a while."
R0317,2026-04-06,New customer,55–64,Local area,Email,Installation or setup,Technical Support,1,9.5,No,Yes,2,4,3,6,5,73.16,Yes,The technician's answer was very short and I still did not know what to do.
R0318,2026-05-31,Returning customer,25–34,Other part of region,Web form,Technical support,Technical Support,24,2.7,Yes,Yes,,4,2,6,6,109.81,No,The technician's answer was very short and I still did not know what to do.
R0319,2026-04-30,Business customer,25–34,Local area,Chat,Purchase or booking,Customer Information,10,0.6,Yes,No,,3,5,9,10,273.93,No,I got exactly the information I needed and did not have to contact the company again.
R0320,2026-04-30,Returning customer,35–44,Other part of region,Email,Delivery or order status,Orders & Delivery,18,0.6,Yes,No,4,2,5,7,8,239.29,No,
R0321,2026-05-06,Returning customer,65+,Elsewhere in Finland,Email,Complaint or follow-up,Billing & Payments,22,5.8,No,No,3,4,4,7,9,60.0,Yes,"I had to ask about an additional fee, but the explanation was reasonable."
R0322,2026-05-14,New customer,25–34,Local area,Chat,Purchase or booking,Customer Information,2,0.8,Yes,Yes,,4,5,10,7,106.71,No,I had several questions and the older lady answered every one without making me feel hurried.
R0323,2026-05-02,New customer,45–54,Other part of region,Phone,Billing or payment,Billing & Payments,19,11.2,No,Yes,,4,4,7,6,15.47,No,The invoice question was answered clearly and I understood the charge.
R0324,2026-03-03,Returning customer,65+,Elsewhere in Finland,Chat,Purchase or booking,Orders & Delivery,2,4.1,Yes,No,,2,4,7,8,305.58,No,I could not find where to check my order status. The staff member was helpful when I finally contacted the company.
R0325,2026-06-01,New customer,65+,Other part of region,In person,Return or cancellation,Customer Information,1,10.0,No,Yes,,4,5,9,9,83.98,Yes,
R0326,2026-02-10,Returning customer,25–34,Elsewhere in Finland,Email,Technical support,Technical Support,39,2.1,Yes,No,3,4,4,5,4,53.12,No,"I received an answer quickly, but it did not actually solve the problem."
R0327,2026-06-09,Returning customer,45–54,Elsewhere in Finland,Chat,Complaint or follow-up,Orders & Delivery,14,6.4,No,Yes,,2,5,7,9,200.7,Yes,Customer service answered my delivery question. The process was acceptable overall.
R0328,2026-01-13,Returning customer,25–34,Other part of region,Chat,Technical support,Technical Support,8,18.6,No,No,,3,2,4,3,74.11,Yes,The technician gave me a one-line answer and closed the conversation before I had understood the fix.
R0329,2026-03-05,Returning customer,35–44,Local area,Web form,Delivery or order status,Orders & Delivery,2,11.8,No,No,,2,4,6,7,208.42,No,
R0330,2026-03-27,Returning customer,45–54,Local area,Web form,Delivery or order status,Orders & Delivery,24,4.7,Yes,No,,2,4,5,6,120.3,No,The delivery information on the website was unclear. Customer service answered immediately once I asked.
R0331,2026-03-20,Business customer,55–64,Elsewhere in Finland,Chat,Return or cancellation,Orders & Delivery,19,2.9,Yes,No,,2,3,8,7,67.98,No,"Once I reached someone, the answer was clear. The website should show this information without a separate contact."
R0332,2026-05-23,New customer,25–34,Local area,Chat,Billing or payment,Billing & Payments,4,7.2,No,Yes,,4,4,8,7,34.95,No,The invoice question was answered clearly and I understood the charge.
R0333,2026-06-11,Business customer,35–44,Local area,Web form,Complaint or follow-up,Orders & Delivery,1,1.1,Yes,No,,2,5,9,7,168.64,No,I had a simple question about my order that really should have been answered on the website.
R0334,2026-03-08,Returning customer,55–64,Local area,Phone,Return or cancellation,Orders & Delivery,24,3.3,Yes,No,,1,5,8,7,56.84,No,I found the tracking page and only contacted the company to confirm one detail.
R0335,2026-02-15,Returning customer,18–24,Elsewhere in Finland,Phone,Billing or payment,Billing & Payments,13,1.4,Yes,No,,4,4,8,8,219.16,No,I received a clear answer to my billing question.
R0336,2026-04-27,Returning customer,55–64,Local area,Chat,Delivery or order status,Orders & Delivery,19,3.2,Yes,No,,2,4,7,5,17.27,Yes,The delivery information on the website was unclear. Customer service answered immediately once I asked.
R0337,2026-03-25,New customer,65+,Local area,In person,Product or service information,Customer Information,6,1.2,Yes,Yes,,4,4,9,7,371.84,No,The older lady who helped me was incredibly patient and explained every step clearly.
R0338,2026-01-05,New customer,65+,Local area,Phone,Return or cancellation,Orders & Delivery,13,1.0,Yes,No,,2,5,6,7,34.65,No,"Once I reached someone, the answer was clear. The website should show this information without a separate contact."
R0339,2026-06-15,Returning customer,35–44,Other part of region,Phone,Technical support,Technical Support,50,7.1,No,No,,4,2,4,4,312.67,Yes,The reply sounded impatient and I had to contact the company again before the problem was solved.
R0340,2026-05-07,Returning customer,35–44,Other part of region,In person,Purchase or booking,Customer Information,17,0.6,Yes,Yes,,4,5,8,8,97.83,No,The older woman who answered the phone was exceptionally kind and explained the booking process slowly.
R0341,2026-02-24,Business customer,55–64,Local area,Phone,Purchase or booking,Customer Information,100,3.1,No,Yes,,5,5,8,7,358.27,Yes,The woman who helped me took extra time to explain the options and I really appreciated it.
R0342,2026-01-11,Returning customer,65+,Local area,In person,Delivery or order status,Orders & Delivery,6,1.0,Yes,No,,2,5,7,5,115.68,No,I only contacted the company because I could not see when my order would arrive online.
R0343,2026-06-23,New customer,65+,Elsewhere in Finland,In person,Billing or payment,Billing & Payments,15,1.3,Yes,Yes,,4,5,9,7,146.1,No,"I had to ask about an additional fee, but the explanation was reasonable."
R0344,2026-06-17,Returning customer,25–34,Local area,Phone,Billing or payment,Billing & Payments,14,2.3,Yes,No,,3,4,8,6,83.43,No,"I had to ask about an additional fee, but the explanation was reasonable."
R0345,2026-02-06,Business customer,45–54,Elsewhere in Finland,Web form,Delivery or order status,Orders & Delivery,28,0.9,Yes,Yes,,2,5,8,5,101.41,No,I needed help with a return and the employee explained the next step clearly.
R0346,2026-06-30,Business customer,35–44,Local area,Phone,Billing or payment,Billing & Payments,13,1.0,Yes,Yes,,5,4,10,9,581.51,No,The payment issue was solved during the first contact.
R0347,2026-06-07,New customer,18–24,Local area,Phone,Billing or payment,Billing & Payments,16,2.3,Yes,Yes,,4,5,10,7,227.07,No,The invoice question was answered clearly and I understood the charge.
R0348,2026-03-02,Returning customer,65+,Local area,Phone,Billing or payment,Billing & Payments,34,1.3,Yes,Yes,,5,5,9,8,326.43,No,
R0349,2026-03-21,New customer,35–44,Other part of region,In person,Purchase or booking,Orders & Delivery,17,5.2,No,Yes,,3,4,6,7,376.42,Yes,I needed help with a return and the employee explained the next step clearly.
R0350,2026-01-13,Business customer,45–54,Local area,Web form,Purchase or booking,Billing & Payments,32,2.6,Yes,Yes,,4,5,9,7,188.71,No,The invoice question was answered clearly and I understood the charge.
R0351,2026-04-06,New customer,25–34,Local area,In person,Purchase or booking,Customer Information,25,0.8,Yes,No,,4,4,8,10,175.09,No,The woman who helped me took extra time to explain the options and I really appreciated it.
R0352,2026-02-23,New customer,35–44,Local area,Chat,Purchase or booking,Orders & Delivery,24,15.4,No,Yes,,3,5,8,7,311.7,Yes,I needed help with a return and the employee explained the next step clearly.
R0353,2026-03-05,New customer,18–24,Local area,Chat,Delivery or order status,Orders & Delivery,15,5.0,No,No,,2,4,6,6,43.19,Yes,I only contacted the company because I could not see when my order would arrive online.
R0354,2026-04-05,New customer,25–34,Local area,Web form,Installation or setup,Technical Support,25,11.0,No,Yes,,3,4,6,4,285.29,Yes,The reply sounded impatient and I had to contact the company again before the problem was solved.
R0355,2026-01-26,New customer,55–64,Local area,Email,Purchase or booking,Billing & Payments,7,3.6,Yes,Yes,3,3,5,10,8,352.37,No,I received a clear answer to my billing question.
R0356,2026-01-10,Returning customer,35–44,Local area,Chat,Technical support,Technical Support,12,1.4,Yes,Yes,,4,3,7,5,129.37,Yes,"The technical instructions were understandable, although the resolution took a while."
R0357,2026-06-20,New customer,55–64,Local area,In person,Delivery or order status,Orders & Delivery,8,1.4,Yes,No,,2,4,8,5,51.69,No,I only contacted the company because I could not see when my order would arrive online.
R0358,2026-06-10,Returning customer,45–54,Elsewhere in Finland,Chat,Billing or payment,Billing & Payments,20,0.5,Yes,Yes,,4,5,8,8,97.16,No,The payment issue was solved during the first contact.
R0359,2026-06-01,Returning customer,18–24,Local area,Phone,Installation or setup,Technical Support,13,32.1,No,Yes,,4,3,4,6,146.7,Yes,"I was told to check the instructions, but the instructions did not answer my question."
R0360,2026-06-07,Returning customer,25–34,Other part of region,Web form,Billing or payment,Billing & Payments,22,2.1,Yes,Yes,,5,4,8,7,90.28,No,"The payment process worked, but I would prefer a faster email reply."
