OrderID,CreatedAt,CustomerName,Email,CompanyName,StreetAddress,PostalCode,City,ProductID,ProductName,CourseDate,Quantity,UnitPriceEUR,TotalEUR,OrderNote,Status,LastUpdated
ORD2001,2026-10-20 09:15,Anna Nyman,anna.nyman@example.com,Nyman Design Oy,Strandgatan 12,65100,Vaasa,P001,AI from Zero – Getting Started,2026-11-03 18:00-20:00,1,89.00,89.00,,New,2026-10-20 09:15
ORD2002,2026-10-21 13:40,Mikael Berg,mikael.berg@example.com,,Kyrkoesplanaden 8,65100,Vaasa,P002,AI for Small Business,2026-11-10 18:00-20:00,1,89.00,89.00,Interested in marketing examples,Reviewing,2026-10-21 14:05
ORD2003,2026-10-22 08:25,Sofia Lind,sofia.lind@example.com,Lind Consulting,Stationsvägen 4,68600,Jakobstad,P003,Work Smarter with AI,2026-11-17 18:00-20:00,1,89.00,89.00,,Confirmed,2026-10-22 11:10
ORD2004,2026-10-23 16:05,Johan Karlsson,johan.karlsson@example.com,,Parkgatan 15,67100,Kokkola,P001,AI from Zero – Getting Started,2026-11-03 18:00-20:00,1,89.00,89.00,Please send practical information by email,New,2026-10-23 16:05
ORD2005,2026-10-23 16:05,Johan Karlsson,johan.karlsson@example.com,,Parkgatan 15,67100,Kokkola,P002,AI for Small Business,2026-11-10 18:00-20:00,1,89.00,89.00,Please send practical information by email,New,2026-10-23 16:05
ORD2006,2026-10-24 10:50,Elin Söderholm,elin.soderholm@example.com,Söderholm Media,Testvägen 7,65610,Mustasaari,P002,AI for Small Business,2026-11-10 18:00-20:00,1,89.00,89.00,,Reviewing,2026-10-24 12:20
ORD2007,2026-10-24 10:50,Elin Söderholm,elin.soderholm@example.com,Söderholm Media,Testvägen 7,65610,Mustasaari,P003,Work Smarter with AI,2026-11-17 18:00-20:00,1,89.00,89.00,,Reviewing,2026-10-24 12:20
ORD2008,2026-10-25 12:30,Oskar Granlund,oskar.granlund@example.com,,Hovrättsesplanaden 3,65100,Vaasa,P001,AI from Zero – Getting Started,2026-11-03 18:00-20:00,1,89.00,89.00,Seat 1 of 2 for colleagues,Confirmed,2026-10-25 15:00
ORD2009,2026-10-25 12:30,Oskar Granlund,oskar.granlund@example.com,,Hovrättsesplanaden 3,65100,Vaasa,P001,AI from Zero – Getting Started,2026-11-03 18:00-20:00,1,89.00,89.00,Seat 2 of 2 for colleagues,Confirmed,2026-10-25 15:00
ORD2010,2026-10-26 09:10,Laura Niemi,laura.niemi@example.com,Niemi Services Oy,Kauppakatu 9,60100,Seinäjoki,P003,Work Smarter with AI,2026-11-17 18:00-20:00,1,89.00,89.00,Would like examples for office administration,New,2026-10-26 09:10
ORD2011,2026-10-27 14:45,Emil Fors,emil.fors@example.com,,Österlånggatan 5,64200,Närpes,P002,AI for Small Business,2026-11-10 18:00-20:00,1,89.00,89.00,,Reviewing,2026-10-27 15:30
ORD2012,2026-10-28 11:20,Emma Laine,emma.laine@example.com,Laine Studio,Rantakatu 11,20100,Turku,P001,AI from Zero – Getting Started,2026-11-03 18:00-20:00,1,89.00,89.00,Vegetarian coffee break if provided,Confirmed,2026-10-28 16:00
ORD2013,2026-10-28 11:20,Emma Laine,emma.laine@example.com,Laine Studio,Rantakatu 11,20100,Turku,P003,Work Smarter with AI,2026-11-17 18:00-20:00,1,89.00,89.00,Vegetarian coffee break if provided,Confirmed,2026-10-28 16:00
ORD2014,2026-10-29 17:05,Leo Sandberg,leo.sandberg@example.com,Sandberg Consulting,Mannerheimintie 20,00100,Helsinki,P001,AI from Zero – Getting Started,2026-11-03 18:00-20:00,1,89.00,89.00,,New,2026-10-29 17:05
ORD2015,2026-10-29 17:05,Leo Sandberg,leo.sandberg@example.com,Sandberg Consulting,Mannerheimintie 20,00100,Helsinki,P002,AI for Small Business,2026-11-10 18:00-20:00,1,89.00,89.00,,New,2026-10-29 17:05
ORD2016,2026-10-29 17:05,Leo Sandberg,leo.sandberg@example.com,Sandberg Consulting,Mannerheimintie 20,00100,Helsinki,P003,Work Smarter with AI,2026-11-17 18:00-20:00,1,89.00,89.00,,New,2026-10-29 17:05
